CLIENTE;UF - DEMANDA;SOLICITANTE;INÍCIO PROSPECÇÃO;AGENTE;RESPONSÁVEL - AGENTE;CELULAR AGENTE;E-MAIL AGENTE;TIPO DE VEICULO;MODELO VEICULO;ANO VEICULO;PLACA ;POSSUÍ RASTREADOR?;TIPO RASTREADOR;MARCA RASTREADOR;CATEGORIA;TIPO CARRETA;PLACA CARRETA;MOTORISTA;CELULAR MOTORISTA;POSSUÍ MOPP?;DATA ENVIO CADASTRO;DATA LIBERAÇÃO ;STATUS;MOTIVO;CAPTADOR;TIPOLOGIA;MODALIDADE;TP AGENTE;ETAPA;;;;;;;;;;;;;;
CATERPILLAR;SÃO PAULO (SP);FABIO GAMARRA;01/02/2026;;;;;LEVE (3/4);;;DAJ6F54;;;;N/A;BAÚ;N/A;ANDRE SOUZA VIANA;11951687642;NÃO;;;ATIVO;;CARLOS TERRA;DDA;PF;IC;9 - FINALIZADO;;;;;;;;;;;;;;
CATERPILLAR;SÃO PAULO (SP);FABIO GAMARRA;01/02/2026;RG BONAFE TRANSPORTES LTDA;RODRIGO GALANI BONAFE;;K.YOALMEIDA22@ICLOUD.COM;CM 4X2;G 380 A4X2;2010;IRK4511;SIM;SATELITAL;AUTOTRAC;CEVA;SÍDER RETO_28P_ 3 EIXOS;RETIRAR;CAIO ALMEIDA DE ANDRADE FRANCO;35991155621;NÃO;20/02/2026;;ENGATE SR;;Francisco Silva;SPOT;PJ;IC;9 - FINALIZADO;;;;;;;;;;;;;;
CATERPILLAR;SÃO PAULO (SP);FABIO GAMARRA;01/02/2026;CHRISTIAN NIGRE DE OLIVEIRA;CHRISTIAN NIGRE DE OLIVEIRA;11954659428;CRISTHIANNIGRE@GMAIL.COM;FIORINO;FIORINO HD WK E;2020;RGD3I81 ;NÃO;N/A;SEM RASTREADOR;N/A;BAÚ;N/A;CHRISTIAN NIGRE DE OLIVEIRA;11954659428;NÃO;09/03/2026;;ATIVO;;CARLOS TERRA;DEDICADO;PF;IC;9 - FINALIZADO;;;;;;;;;;;;;;
CATERPILLAR;SÃO PAULO (SP);FABIO GAMARRA;01/02/2026;;;;;VAN;;;EJY6704;;;;N/A;BAÚ;N/A;CLAUDINEI MADUREIRA PARA;11947436764;NÃO;;;ATIVO;;CARLOS TERRA;DDA;PF;IC;9 - FINALIZADO;;;;;;;;;;;;;;
CATERPILLAR;SÃO PAULO (SP);FABIO GAMARRA;01/02/2026;;;;;TRUCK (6X2);;;CVN7A02;;;;N/A;BAÚ;N/A;CLAUDIO MARTINS JUNIOR ;11994633726;NÃO;;;INATIVO;;Francisco Silva;DDA;PF;IC;9 - FINALIZADO;;;;;;;;;;;;;;
CATERPILLAR;SÃO PAULO (SP);FABIO GAMARRA;01/02/2026;62.806.024 DIRCEU DE OLIVEIRA ;DIRCEU DE OLIVEIRA;41 9554-6857;DIRCEUDITATALANCHES@GMAIL.COM;TRUCK (6X2);CARGO 2428;2010;CUC8I06;SIM;SATELITAL;SASCAR;N/A;N/A;N/A;DIRCEU DE OLIVEIRA;41 9554-6857;NÃO;09/06/2026;15/06/2026;ATIVO;;MARCOS FREITAS;SPOT;PJ;IC;9 - FINALIZADO;;;;;;;;;;;;;;
CATERPILLAR;SÃO PAULO (SP);FABIO GAMARRA;01/02/2026;EVERSON SANTOS DE AVILA 00856734047;EVERSON SANTOS DE AVILA;51982938431;EVERSONSAVILA@GMAIL.COM;VAN;DUCATO MXCARGO13M;2025;TPZ4G97;SIM;SATELITAL;ONIXSAT;N/A;BAÚ;N/A;EVERSON SANTOS DE AVILA;51982938431;SIM;11/06/2026;;CADASTRO;;Francisco Silva;DEDICADO;PJ;IC;1 - INICIAR CADASTRO;;;;;;;;;;;;;;
CATERPILLAR;SÃO PAULO (SP);FABIO GAMARRA;01/02/2026;;;;;VAN;;;FTC5H51;;;;N/A;BAÚ;N/A;JARDELL ANDERSON PINHO SILVA;11947381893;NÃO;;;ATIVO;;CARLOS TERRA;DDA;PF;IC;9 - FINALIZADO;;;;;;;;;;;;;;
CATERPILLAR;SÃO PAULO (SP);FABIO GAMARRA;01/02/2026;JERONIMO FAIA DOS SANTOS;JERONIMO FAIA DOS SANTOS;11952273733;;VUC (HR);KIA K2500 HD;2010;ENR6C64;;;;N/A;BAÚ;N/A;JERONIMO FAIA DOS SANTOS;11952273733;;;;ATIVO;;Francisco Silva;DDA;PF;IC;9 - FINALIZADO;;;;;;;;;;;;;;
CATERPILLAR;SÃO PAULO (SP);FABIO GAMARRA;01/02/2026;;;;;LEVE (3/4);;;FNV4G90;;;;N/A;BAÚ;N/A;JOSE HUMBERTO BARRETO DE ALENCAR;11994726531;NÃO;;;ATIVO;;CARLOS TERRA;DDA;PF;IC;9 - FINALIZADO;;;;;;;;;;;;;;
CATERPILLAR;SÃO PAULO (SP);FABIO GAMARRA;01/02/2026;JOSIVANIO LEITE FAUSTINO ;JOSIVANIO LEITE FAUSTINO ;11 9 5705-1386;JOZIVANIOLEITEFAUSTINOLEITE@GMAIL.COM;TRUCK (6X2);17.250 CNC;2007;NGP7693;NÃO;N/A;N/A;N/A;SÍDER;N/A;JOSIVANIO LEITE FAUSTINO ;11957051386;NÃO;05/06/2026;;ATIVO;;MARCOS FREITAS;SPOT;PF;IC;9 - FINALIZADO;;;;;;;;;;;;;;
CATERPILLAR;SÃO PAULO (SP);FABIO GAMARRA;01/02/2026;MARGARETE APARECIDA DE FRANCA SANTIAGO;MARGARETE APARECISA DE FRANCA SANTIAGO;13996988053;LEANDRORAMIRESOLIVEIRA@GMAIL.COM;CM 4X2;CTC 4X2;2020;BYJ7A13;SIM;SATELITAL;GFM;CEVA;SÍDER REBAIXADO_28P_ 3 EIXOS;CUD6026;LEANDRO RAMIRES DE OLIVEIRA;13991736729;NÃO;05/03/2026;;ATIVO;;Francisco Silva;SPOT;PF;IC;9 - FINALIZADO;;;;;;;;;;;;;;
CATERPILLAR;SANTA CATARINA (SC);FABIO GAMARRA;01/02/2026;61.466.243 THIAGO LUIZ VIEIRA;THIAGO LUIZ VIEIRA;;RTJOI.GR@GMAIL.COM;TRUCK (6X2);VM 270 6X2R;2016;BBE9G10;NÃO;N/A;SEM RASTREADOR;N/A;SÍDER;N/A;LEONARDO DE ANDRADE;47996061537;NÃO;25/03/2026;;ATIVO;;Francisco Silva;DEDICADO;PJ;IC;9 - FINALIZADO;;;;;;;;;;;;;;
CATERPILLAR;SÃO PAULO (SP);FABIO GAMARRA;01/02/2026;;;;;VUC (HR);;;HKR2H49;;;;N/A;BAÚ;N/A;RAFAEL VINICIUS DE AZEVEDO OLIVEIRA;11914722766;NÃO;;;ATIVO;;CARLOS TERRA;DDA;PF;IC;9 - FINALIZADO;;;;;;;;;;;;;;
CATERPILLAR;SÃO PAULO (SP);FABIO GAMARRA;01/02/2026;RODRIGO ISIDORO DE CAMPOS;RODRIGO ISIDORO DE CAMPOS;11947769371;RODRIGOICAMPOS37@GMAIL.COM;LEVE (3/4);8.150E DELIVERY;2009;EJY3A87;NÃO;N/A;SEM RASTREADOR;N/A;SÍDER;N/A;RODRIGO ISIDORO DE CAMPOS;11947769371;NÃO;23/03/2026;;ATIVO;;CARLOS TERRA;DEDICADO;PF;IC;9 - FINALIZADO;;;;;;;;;;;;;;
CATERPILLAR;SÃO PAULO (SP);FABIO GAMARRA;01/02/2026;;;;;VAN;;;ELQ2H14;;;;N/A;BAÚ;N/A;WAGNER PINHEIRO DE SOUZA;11994215850;NÃO;;;ATIVO;;CARLOS TERRA;DDA;PF;IC;9 - FINALIZADO;;;;;;;;;;;;;;
CATERPILLAR;SÃO PAULO (SP);FABIO GAMARRA;01/02/2026;ALDER TIAGO FERREIRA ROSA TRANSPORTES EIRELI;ALDER TIAGO FERREIRA ROSA TRANSPORTES EIRELI;41 9963-0128;ATF.TRANSPORTES@HOTMAIL.COM;TRUCK (6X2);25,25;2011;MMM9H84;SIM;SATELITAL;SASCAR;N/A;N/A;N/A;WILLIAM SANTOS MARTINS;41 9637-3941;NÃO;09/06/2026;;CADASTRO;;MARCOS FREITAS;SPOT;PJ;IC;1 - INICIAR CADASTRO;;;;;;;;;;;;;;
CNH;SÃO PAULO (SP);DOUGLAS;06/01/2026;KATIA FERNANDES BECARI;KATIA FERNANDES BECARI;19 98940-8577;KATIABECARI@HOTMAIL.COM;CM 4X2;P114G;2006;DPB7A90;NÃO;N/A;N/A;N/A;ABERTA ;BTA8G05;ANDRÉ CHAVES PICELI;19 98940-8577;NÃO;05/06/2026;16/06/2026;ATIVO;;MARCOS FREITAS;DEDICADO;PF;IC;9 - FINALIZADO;;;;;;;;;;;;;;
CNH;SÃO PAULO (SP);DOUGLAS;06/01/2026;ILSON CRISTIANO DE SOUZA;ILSON CRISTIANO DE SOUZA;19 99654-4152;LLSON.CSSOUZA0310@GMAIL.COM;CM 4X2;STRALISHD 490S38TN;2008;ECT8D99;NÃO;N/A;N/A;N/A;ABERTA ;BSG9J90;ILSON CRISTIANO DE SOUZA;19 99654-4152;NÃO;05/06/2026;12/06/2026;ATIVO;;MARCOS FREITAS;DEDICADO;PF;IC;9 - FINALIZADO;;;;;;;;;;;;;;
CNH;SÃO PAULO (SP);DOUGLAS;06/01/2026;VANDERLEI FELICIANO DE ABREU ;VANDERLEI FELICIANO DE ABREU ;11 9 7774-4458;VANDERLEI.CONTATO2020@GMAIL.COM;CM 4X2;19.320 CLC;2008;CPG6A63;NÃO;N/A;N/A;N/A;ABERTA ;BYF1720;VANDERLEI FELICIANO DE ABREU ;11 9 7774-4458;NÃO;05/06/2026;12/06/2026;ATIVO;;MARCOS FREITAS;DEDICADO;PF;IC;9 - FINALIZADO;;;;;;;;;;;;;;
RENAULT;SÃO PAULO (SP);FABIO FIGUEREDO;01/02/2026;NK SERVICOS DE TRANSPORTES LTDA;MARCOS AURELIO KOTKONSKI;51983222767;NORTONAURELIO32@GMAIL.COM;CM 4X2;ACTROS 2546LS;2018;QJP8F40;SIM;SATELITAL;OMNILINK;CEVA;SÍDER REBAIXADO_28P_ 3 EIXOS;RETIRAR;MARCOS AURELIO KOTKONSKI;51983222767;NÃO;31/03/2026;;INATIVO;;MARCOS FREITAS;SPOT;PJ;IC;9 - FINALIZADO;;;;;;;;;;;;;;
RENAULT;SÃO PAULO (SP);FABIO FIGUEREDO;01/02/2026;TRANSPORTADORA SIDER LIMEIRA LTDA;JULIO MARQUES;19971442122;CONTATO@TRANSPORTADORASIDER.COM.BR;CM 6X2;FH 460 6X2T;2022;BYJ4H82;SIM;SATELITAL;SASCAR;CEVA;SÍDER REBAIXADO_28P_ 3 EIXOS;QJN3159;DANIEL SANTOS GONCALVES;16997141448;SIM;23/04/2026;;INATIVO;;Francisco Silva;INTER;PJ;IC / ETC;9 - FINALIZADO;;;;;;;;;;;;;;
GENERAL MOTORS;SÃO PAULO (SP);CLAYTON VIANA;01/02/2026;RAFANAT;FERNANDA MUNIZ;11976848207;RAFANATSERV@GMAIL.COM;CM 4X2;;1995;BYG0973;NÃO;N/A;SEM RASTREADOR;TAC;SÍDER REBAIXADO_28P_ 3 EIXOS;MST7B39;ADRIANO;11978213649;;;;ATIVO;;Suelen Sá;DEDICADO;PJ;TSP;9 - FINALIZADO;;;;;;;;;;;;;;
GENERAL MOTORS;SÃO PAULO (SP);CLAYTON VIANA;15/03/2026;SIQUEIRA CAMINHOES LTDA;ALISSON CEZAR ALVES CORDEIRO;48991211708;ALISSONCEZAR@GMAIL.COM;CM 4X2;VM 310;2011;ATL8H88;SIM;SATELITAL;OMNILINK;CEVA;SÍDER REBAIXADO_28P_ 3 EIXOS;RETIRAR;ALISSON CEZAR ALVES CORDEIRO;48991211708;SIM;26/03/2026;;INATIVO;;MARCOS FREITAS;INTER;PJ;IC;9 - FINALIZADO;;;;;;;;;;;;;;
GENERAL MOTORS;SÃO PAULO (SP);CLAYTON VIANA;01/02/2026;ANDERSON SANTANA;AILTON SANTANA;11940372197;ANDERSONUNO2001@GMAIL.COM;CM 4X2;AXOR 1933 S;2013;FW9B77;NÃO;N/A;SEM RASTREADOR;CEVA;SÍDER REBAIXADO_28P_ 3 EIXOS;RETIRAR;ANDERSON SANTANA ;11986421890;SIM;24/11/2025;;INATIVO;;Francisco Silva;INTER;PF;IC;9 - FINALIZADO;;;;;;;;;;;;;;
GENERAL MOTORS;SÃO PAULO (SP);CLAYTON VIANA;01/02/2026;RAFANAT;FERNANDA MUNIZ;11976848207;RAFANATSERV@GMAIL.COM;CM 4X2;;1994;BXF2480;NÃO;N/A;SEM RASTREADOR;TAC;SÍDER REBAIXADO_28P_ 3 EIXOS;DVT5329;ANTONIO;11953828381;;;;ATIVO;;Suelen Sá;DEDICADO;PJ;TSP;9 - FINALIZADO;;;;;;;;;;;;;;
GENERAL MOTORS;SÃO PAULO (SP);CLAYTON VIANA;01/02/2026;RAFANAT;FERNANDA MUNIZ;11976848207;RAFANATSERV@GMAIL.COM;CM 4X2;;;BXF2418;NÃO;N/A;SEM RASTREADOR;TAC;SÍDER REBAIXADO_28P_ 3 EIXOS;;ANTONIO ERONILDES;;;;;ATIVO;;Suelen Sá;DEDICADO;PJ;TSP;9 - FINALIZADO;;;;;;;;;;;;;;
GENERAL MOTORS;SÃO PAULO (SP);CLAYTON VIANA;01/02/2026;RAFANAT;FERNANDA MUNIZ;11976848207;RAFANATSERV@GMAIL.COM;CM 4X2;;2011;EWJ4720;NÃO;N/A;SEM RASTREADOR;TAC;SÍDER REBAIXADO_28P_ 3 EIXOS;CNI1E48;ARI LOPES;11995397406;;;;ATIVO;;Suelen Sá;DEDICADO;PJ;TSP;9 - FINALIZADO;;;;;;;;;;;;;;
GENERAL MOTORS;SÃO PAULO (SP);CLAYTON VIANA;01/02/2026;RAFANAT;FERNANDA MUNIZ;11976848207;RAFANATSERV@GMAIL.COM;CM 4X2;;;DPB7511;NÃO;N/A;SEM RASTREADOR;TAC;SÍDER REBAIXADO_28P_ 3 EIXOS;;ARI LOPES;;;;;ATIVO;;Suelen Sá;DEDICADO;PJ;TSP;9 - FINALIZADO;;;;;;;;;;;;;;
GENERAL MOTORS;SÃO PAULO (SP);CLAYTON VIANA;01/02/2026;M. MOHRING COMERCIO E SERVICOS;HUMBERTO WOLPERT;13981123076;HUMATRANSPORTESADM@GMAIL.COM;CM 6X2;FH 440 6X2T;2009;CSK8B45;;;;CEVA;SÍDER REBAIXADO_28P_ 3 EIXOS;TJC5D50;CARLOS ISMAEL DA SILVA ;13997708791;NÃO;08/05/2026;;ATIVO;;Francisco Silva;INTER;PJ;IC;9 - FINALIZADO;;;;;;;;;;;;;;
RENAULT;SÃO PAULO (SP);FABIO FIGUEIREDO;01/02/2026;RK COMERCIO E SERVICOS GERAIS LTDA;REINALDO ROGERIO MARTINS;;JRGAIO@HOTMAIL.COM;CM 4X2;G 380 A4X2;2010;DBM2D53;SIM;SATELITAL;OMNILINK;CEVA;SÍDER REBAIXADO_28P_ 3 EIXOS;RETIRAR;OTONIEL BATISTA DOS SANTOS JUNIOR;11920022216;NÃO;23/04/2026;;INATIVO;;CARLOS TERRA;SPOT;PJ;IC;9 - FINALIZADO;;;;;;;;;;;;;;
GENERAL MOTORS;SÃO PAULO (SP);CLAYTON VIANA;01/02/2026;FRANCISCHINI TRANSPORTADORA DE CARGAS LTDA;MAURILIO FRANCISCHINI;19974081336;;CM 4X2;;;DBC4551;;;;TAC;SÍDER REBAIXADO_28P_ 3 EIXOS;;DANIEL RIBEIRO;;NÃO;;;ATIVO;;Suelen Sá;DEDICADO;PJ;TSP;9 - FINALIZADO;;;;;;;;;;;;;;
GENERAL MOTORS;SÃO PAULO (SP);CLAYTON VIANA;01/02/2026;W.Y.WATANABE TRANSPORTES;EDER DOS SANTOS SOARES;11934765395;WYOSHIOWATANABE@GMAIL.COM;CM 4X2;R 124;2010;ECM4E84;NÃO;N/A;SEM RASTREADOR;CEVA;SÍDER REBAIXADO_28P_ 3 EIXOS;RETIRAR;EDER DOS SANTOS SOARES ;11934765395;SIM;;03/02/2026;INATIVO;;Suelen Sá;DEDICADO;PJ;IC;9 - FINALIZADO;;;;;;;;;;;;;;
GENERAL MOTORS;SÃO PAULO (SP);CLAYTON VIANA;01/02/2026;JRAMOS;;;;CM 4X2;;;MQX5596;;;;TAC;SÍDER REBAIXADO_28P_ 3 EIXOS;;EDVALDO SILVA MOTA;;NÃO;;;ATIVO;;Suelen Sá;DEDICADO;PJ;TSP;9 - FINALIZADO;;;;;;;;;;;;;;
GENERAL MOTORS;SÃO PAULO (SP);CLAYTON VIANA;01/02/2026;FRANCISCHINI TRANSPORTADORA DE CARGAS LTDA;MAURILIO FRANCISCHINI;19974081336;;CM 4X2;;;LPE9B99;;;;TAC;SÍDER REBAIXADO_28P_ 3 EIXOS;;ELIAS ALBURGUERGUE;;NÃO;;;ATIVO;;Suelen Sá;DEDICADO;PJ;TSP;9 - FINALIZADO;;;;;;;;;;;;;;
GENERAL MOTORS;SÃO PAULO (SP);CLAYTON VIANA;01/02/2026;GADI TRANSPORTES LTDA;EVERALDO DE PAULA COSTA;51997965017;SCHWANTESLEONARDO@GMAIL.COM;CM 4X2;G 370 A6X2;2025;JDL5C18;SIM;SATELITAL;SASCAR;CEVA;SÍDER REBAIXADO_28P_ 3 EIXOS;RETIRAR;EVERALDO DE PAULA COSTA;51997965017;SIM;08/04/2026;;ATIVO;;MARCOS FREITAS;INTER;PJ;IC;9 - FINALIZADO;;;;;;;;;;;;;;
GENERAL MOTORS;SÃO PAULO (SP);CLAYTON VIANA;01/02/2026;FRANCISCHINI TRANSPORTADORA DE CARGAS LTDA;MAURILIO FRANCISCHINI;19974081336;;CM 4X2;;;EVO2F09;;;;TAC;SÍDER REBAIXADO_28P_ 3 EIXOS;;FELIPE GOMES;;NÃO;;;ATIVO;;Suelen Sá;DEDICADO;PJ;TSP;9 - FINALIZADO;;;;;;;;;;;;;;
GENERAL MOTORS;SÃO PAULO (SP);CLAYTON VIANA;01/02/2026;RAFANAT;FERNANDA MUNIZ;11976848207;RAFANATSERV@GMAIL.COM;CM 4X2;;2011;EWJ4730;NÃO;N/A;SEM RASTREADOR;TAC;SÍDER REBAIXADO_28P_ 3 EIXOS;KDS3J39;FERNANDO;11947046132;;;;ATIVO;;Suelen Sá;DEDICADO;PJ;TSP;9 - FINALIZADO;;;;;;;;;;;;;;
GENERAL MOTORS;SÃO PAULO (SP);CLAYTON VIANA;01/02/2026;M. MOHRING COMERCIO E SERVICOS;HUMBERTO WOLPERT;13981123076;HUMATRANSPORTESADM@GMAIL.COM;CM 6X2;FH 500 8X2T;2015;OHT7F16;NÃO;N/A;SEM RASTREADOR;CEVA;SÍDER REBAIXADO_28P_ 3 EIXOS;TJK6C99;FRANCISCO MARIO TUBAINO BRAZ;13997277833;SIM;11/05/2026;;ATIVO;;Francisco Silva;INTER;PJ;IC;9 - FINALIZADO;;;;;;;;;;;;;;
RENAULT;SÃO PAULO (SP);FABIO FIGUEREDO;01/02/2026;KLEBER CARNEIRO DE SOUZA;KLEBER CARNEIRO DE SOUZA;11960673857;KLEBERCSOUZA90@GMAIL.COM;CM 4X2;19.360 CTC 4X2;2021;FCM7H09;SIM;SATELITAL;OMNILINK;CEVA;SÍDER REBAIXADO_28P_ 3 EIXOS;RETIRAR;KLEBER CARNEIRO DE SOUZA;11960673857;NÃO;30/04/2026;;ATIVO;;MARCOS FREITAS;INTER;PF;IC;9 - FINALIZADO;;;;;;;;;;;;;;
GENERAL MOTORS;SÃO PAULO (SP);CLAYTON VIANA;01/02/2026;FRANCISCHINI TRANSPORTADORA DE CARGAS LTDA;MAURILIO FRANCISCHINI;19974081336;;TRUCK (6X2);;;BWQ5609;;;;N/A;SÍDER;N/A;HELIO MENDONÇA;;NÃO;;;ATIVO;;Suelen Sá;DEDICADO;PJ;TSP;9 - FINALIZADO;;;;;;;;;;;;;;
GENERAL MOTORS;SÃO PAULO (SP);CLAYTON VIANA;01/02/2026;IDEMAR ANTONIO RODRIGUES;IDEMAR ANTONIO RODRIGUES;11983033172;ANTONIOIDEMAR.72@GMAIL.COM;CM 4X2;P114GA4X2NZ 330;2000;GXA4760;NÃO;N/A;SEM RASTREADOR;TAC;SÍDER REBAIXADO_28P_ 3 EIXOS;CZB8243;IDEMAR ANTONIO RODRIGUES;11983033172;NÃO;;;ATIVO;;Suelen Sá;DEDICADO;PF;IC;9 - FINALIZADO;;;;;;;;;;;;;;
GENERAL MOTORS;SÃO PAULO (SP);CLAYTON VIANA;01/02/2026;D & D TRANSPORTES E LOGÍSTICA LTDA ME;DEIVID DIAS;11940142215;DEIVID.AP.DIAS@HOTMAIL.COM;CM 4X2;VM 330 4X2T;2012;FBC1902;;;;TAC;SÍDER REBAIXADO_28P_ 3 EIXOS;BUP3A21;JULIO CESAR ALVES DA SILVA;11945828196;NÃO;;26/05/2026;ATIVO;;Suelen Sá;INTER;PF;IC;9 - FINALIZADO;;;;;;;;;;;;;;
GENERAL MOTORS;SÃO PAULO (SP);CLAYTON VIANA;01/02/2026;M. MOHRING COMERCIO E SERVICOS;HUMBERTO WOLPERT;13981123076;HUMATRANSPORTESADM@GMAIL.COM;CM 6X2;25.360 CTC 6X2;2019;BWJ5E96;;;;CEVA;SÍDER REBAIXADO_28P_ 3 EIXOS;TJC5D50;KLEYTON JOSE DE SOUZA DOS SANTOS ;41984590333;SIM;29/05/2026;;ATIVO;;Francisco Silva;INTER;PJ;IC;9 - FINALIZADO;;;;;;;;;;;;;;
GENERAL MOTORS;SÃO PAULO (SP);CLAYTON VIANA;01/02/2026;LUCAS SEMEAO TEIXEIRA;LUCAS SEMEAO TEIXEIRA;11947892116;SEMEAOTEIXEIRA@GMAIL.COM;CM 4X2;19.330 CTC 4X2;2013;FST1A08;NÃO;N/A;SEM RASTREADOR;TAC;SÍDER RETO_28P_ 3 EIXOS;BWY5G82;LUCAS SEMEAO TEIXEIRA;11947892116;NÃO;;;ATIVO;;Suelen Sá;DEDICADO;PF;IC;9 - FINALIZADO;;;;;;;;;;;;;;
GENERAL MOTORS;SÃO PAULO (SP);CLAYTON VIANA;01/02/2026;FRANCISCHINI TRANSPORTADORA DE CARGAS LTDA;MAURILIO FRANCISCHINI;19974081336;;CM 4X2;;;QKE2F92;;;;TAC;SÍDER REBAIXADO_28P_ 3 EIXOS;;MANOEL PEDRO;;NÃO;;;ATIVO;;Suelen Sá;DEDICADO;PJ;TSP;9 - FINALIZADO;;;;;;;;;;;;;;
GENERAL MOTORS;SÃO PAULO (SP);CLAYTON VIANA;01/02/2026;JRAMOS;;;;CM 4X2;;;MQJ9690;;;;TAC;SÍDER REBAIXADO_28P_ 3 EIXOS;;MARCELO GOMES DA COSTA;;NÃO;;;ATIVO;;Suelen Sá;DEDICADO;PJ;TSP;9 - FINALIZADO;;;;;;;;;;;;;;
GENERAL MOTORS;SÃO PAULO (SP);CLAYTON VIANA;15/03/2026;MARCO ANTONIO DE CARVALHO ;MARCO ANTONIO DE CARVALHO ;11967693327;MARCOSERV.CARVALHO@HOTMAIL.COM;CM 4X2;CARGO 1933 TL;2005;DAO9C59;SIM;SATELITAL;OMNILINK;CEVA;SÍDER RETO_28P_ 3 EIXOS;TKU1B25;MARCO ANTONIO DE CARVALHO ;11967693327;NÃO;25/03/2026;;ATIVO;;MARCOS FREITAS;INTER;PF;IC;9 - FINALIZADO;;;;;;;;;;;;;;
RENAULT;SÃO PAULO (SP);FABIO FIGUEREDO;01/02/2026;OSEIAS DE JESUS BENTO;OSEIAS DE JESUS BENTO;13996830839;ZECAMORENONEGO@HOTMAIL.COM;CM 4X2;19.330 CTC 4X2;2012;FEI3H97;SIM;SATELITAL;OMNILINK;CEVA;SÍDER REBAIXADO_28P_ 3 EIXOS;CUD5897;EMERSON SANTANA FILADELFO;13 99724-7124;NÃO;15/05/2026;15/05/2026;INATIVO;;Francisco Gobbi;INTER;PF;IC;9 - FINALIZADO;;;;;;;;;;;;;;
RENAULT;SÃO PAULO (SP);FABIO FIGUEREDO;01/02/2026;LACMAR - TRANSPORTADORA LTDA;GILMAR RIBEIRO;41996584138;LACMAR.TRANSPORTES@GMAIL.COM;CM 4X2;19.370 CLM T 4X2;2011;DVS5J25;NÃO;N/A;SEM RASTREADOR;CEVA;SÍDER REBAIXADO_28P_ 3 EIXOS;QJN3019;BRUNO SIQUEIRA;43996402925;SIM;19/05/2026;20/05/2026;INATIVO;;Francisco Silva;INTER;PJ;IC;9 - FINALIZADO;;;;;;;;;;;;;;
GENERAL MOTORS;SÃO PAULO (SP);CLAYTON VIANA;01/02/2026;RAFANAT;FERNANDA MUNIZ;11976848207;RAFANATSERV@GMAIL.COM;CM 4X2;;;DJB0414;NÃO;N/A;SEM RASTREADOR;TAC;SÍDER REBAIXADO_28P_ 3 EIXOS;KZS9875;REINALDO;11984063139;;;;ATIVO;;Suelen Sá;DEDICADO;PJ;TSP;9 - FINALIZADO;;;;;;;;;;;;;;
GENERAL MOTORS;SÃO PAULO (SP);CLAYTON VIANA;01/02/2026;M. MOHRING COMERCIO E SERVICOS;HUMBERTO WOLPERT;13981123076;HUMATRANSPORTESADM@GMAIL.COM;CM 6X2;28.460 METEOR 6X2;2020;EED4I09;;;;CEVA;SÍDER REBAIXADO_28P_ 3 EIXOS;TJG8C09;RICARDO DE BARROS;13981460115;NÃO;29/05/2026;;ATIVO;;Francisco Silva;INTER;PJ;IC;9 - FINALIZADO;;;;;;;;;;;;;;
GENERAL MOTORS;SÃO PAULO (SP);CLAYTON VIANA;01/02/2026;RODRIGO;;;;CM 4X2;;;DTE1H44;;;;TAC;SÍDER REBAIXADO_28P_ 3 EIXOS;;RODRIGO GONCALVES DA SILVA;11962219144;NÃO;;;ATIVO;;Suelen Sá;DEDICADO;PJ;IC;9 - FINALIZADO;;;;;;;;;;;;;;
GENERAL MOTORS;SÃO PAULO (SP);CLAYTON VIANA;01/02/2026;FRANCISCHINI TRANSPORTADORA DE CARGAS LTDA;MAURILIO FRANCISCHINI;19974081336;;CM 4X2;;;MSQ7C46;;;;TAC;SÍDER REBAIXADO_28P_ 3 EIXOS;;RODRIGO MARQUES; ;NÃO;;;ATIVO;;Suelen Sá;DEDICADO;PJ;TSP;9 - FINALIZADO;;;;;;;;;;;;;;
GENERAL MOTORS;SÃO PAULO (SP);CLAYTON VIANA;01/02/2026;VALDECIR RIBEIRO;VALDECIR RIBEIRO;11974523598;VALDECIR.NENO.RIBE@GMAIL.COM;CM 4X2;AXOR 1933 S;2009;QKE2F92;NÃO;N/A;SEM RASTREADOR;TAC;SÍDER REBAIXADO_28P_ 3 EIXOS;KEK9H81;VALDECIR RIBEIRO;11974523598;NÃO;;26/05/2026;ATIVO;;Suelen Sá;INTER;PF;IC;9 - FINALIZADO;;;;;;;;;;;;;;
GENERAL MOTORS;SÃO PAULO (SP);CLAYTON VIANA;01/02/2026;D & D TRANSPORTES E LOGÍSTICA LTDA ME;DEIVID DIAS;11940142215;DEIVID.AP.DIAS@HOTMAIL.COM;CM 4X2;;;;;;;TAC;SÍDER REBAIXADO_28P_ 3 EIXOS;;;;;;26/05/2026;ATIVO;;Suelen Sá;INTER;PF;IC;9 - FINALIZADO;;;;;;;;;;;;;;
GM ;SÃO PAULO (SP);LUCIANO MORAES;29/06/2026;DIEGO FURTADO DOS SANTOS;;;;;;;;;;;;;;;;;;;;;;;;;;;;;;;;;;;;;;;
HYUNDAI_MOBIS;SÃO PAULO (SP);RODRIGO ZANARDO;01/02/2026;RUI ALEXANDRE ANDRADE GARCIA E CIA LTDA;RUI ALEXANDRE ANDRADE GARCIA;19989104825;RUIALEGARCIA08@GMAIL.COM;LEVE (3/4);DAILY70C16 CS;2008;HHF6J62;SIM;SATELITAL;OMNILINK;N/A;BAÚ;N/A;RUI ALEXANDRE ANDRADE GARCIA;19989104825;NÃO;20/03/2026;;ATIVO;;Francisco Silva;DEDICADO;PJ;IC;9 - FINALIZADO;;;;;;;;;;;;;;
IVECO;SÃO PAULO (SP);DOUGLAS OLIVEIRA;27/04/2026;R V BARBOSA TRANSPORTES LTDA;ROGERIO BARBOSA;11 99477-9422;ROGERIOVITORBARBOSA@GMAIL.COM;CM 4X2;CURSOR 450E33T;2011;DTA9E44;SIM;SATELITAL;SASCAR;CEVA;SÍDER REBAIXADO_28P_ 3 EIXOS;RETIRAR;ALESSANDRO DE SOUZA AZEVEDO;21989205089;NÃO;11/05/2026;;ENGATE SR;;MARCOS FREITAS;INTER;PJ;IC;9 - FINALIZADO;;;;;;;;;;;;;;
IVECO;SÃO PAULO (SP);DOUGLAS OLIVEIRA;01/12/2025;ANTONIO DE PADUA BENFICA;;;;;;;;;;;N/A;;N/A;ANTONIO DE PADUA BENFICA;;;;;ATIVO;;CARLOS TERRA;INTER;PF;IC;1 - INICIAR CADASTRO;;;;;;;;;;;;;;
IVECO;SÃO PAULO (SP);DOUGLAS OLIVEIRA;01/12/2025;ANTONIO DE PADUA BENFICA;;;;;;;;;;;N/A;;N/A;ANTONIO DE PADUA BENFICA;;;;;ATIVO;;CARLOS TERRA;INTER;PF;IC;1 - INICIAR CADASTRO;;;;;;;;;;;;;;
IVECO;SÃO PAULO (SP);DOUGLAS OLIVEIRA;01/12/2025;CLAUDIO JOSE FERNANDES;CLAUDIO JOSE FERNANDES;37999248837;CLAUDIIJOSE02@GMAIL.COM;CM 4X2;STRALIS 570S38T;2011;GYG2H74;SIM;SATELITAL;ONIXSAT;CEVA;SÍDER REBAIXADO_28P_ 3 EIXOS;APQ5H10;CLAUDIO JOSE FERNANDES;37999248837;SIM;26/02/2026;;ATIVO;;Francisco Silva;DDA;PF;IC;9 - FINALIZADO;;;;;;;;;;;;;;
IVECO;SÃO PAULO (SP);DOUGLAS OLIVEIRA;27/04/2026;R V BARBOSA TRANSPORTES LTDA;ROGERIO BARBOSA;11 99477-9422;ROGERIOVITORBARBOSA@GMAIL.COM;CM 4X2;CURSOR 450E33T;2011;CNI1H21;SIM;SATELITAL;SASCAR;CEVA;SÍDER REBAIXADO_28P_ 3 EIXOS;FJU3548;FABIO VIANA DE SOUSA;11 97777-4956;;26/05/2026;;ENGATE SR;;MARCOS FREITAS;INTER;PJ;IC;9 - FINALIZADO;;;;;;;;;;;;;;
IVECO;SÃO PAULO (SP);DOUGLAS OLIVEIRA;27/04/2026;ALTINO COSTA TRANSPORTES LTDA;JOHNES ALTINO FERREIRA COSTA ;31997819705;ALTINO.COSTA.TRANSPORTES@GMAIL.COM;CM 6X2;STRALIS 530S36T;2013;PUM8A00;NÃO;N/A;SEM RASTREADOR;TAC;SÍDER REBAIXADO_28P_ 3 EIXOS;APQ6089;GUILHERME MARQUES FOUREAUX;31999269808;NÃO;01/06/2026;01/06/2026;ATIVO;;Francisco Silva;INTER;PF;IC;9 - FINALIZADO;;;;;;;;;;;;;;
IVECO;SÃO PAULO (SP);DOUGLAS OLIVEIRA;27/04/2026;ALTINO COSTA TRANSPORTES LTDA;JOHNES ALTINO FERREIRA COSTA ;31997819705;ALTINO.COSTA.TRANSPORTES@GMAIL.COM;CM 4X2;P 340 A4X2;2008;HHT0H07;NÃO;N/A;SEM RASTREADOR;TAC;SÍDER REBAIXADO_28P_ 3 EIXOS;AOS4F21;JOAO PEDRO ABREU VENANCIO ANDRADE;31 99846-3956;;10/06/2026;;ATIVO;;Francisco Silva;INTER;PF;IC;1 - INICIAR CADASTRO;;;;;;;;;;;;;;
IVECO;SÃO PAULO (SP);DOUGLAS OLIVEIRA;27/04/2026;JOHNES ALTINO FERREIRA COSTA ;JOHNES ALTINO FERREIRA COSTA ;31997819705;ALTINO.COSTA.TRANSPORTES@GMAIL.COM;CM 6X2;STRALIS 530S36T;2013;PUM8A00;NÃO;N/A;SEM RASTREADOR;TAC;SÍDER REBAIXADO_28P_ 3 EIXOS;APQ6089;JOHNES ALTINO FERREIRA COSTA ;31997819705;NÃO;27/04/2026;;INATIVO;;Francisco Silva;INTER;PF;IC;9 - FINALIZADO;;;;;;;;;;;;;;
IVECO;SÃO PAULO (SP);DOUGLAS OLIVEIRA;01/12/2025;MARIA APARECIDA PEREIRA FALCAO;MARIA APARECIDA PEREIRA FALCAO;;LUANOLIVEIRA99018141@GMAIL.COM;CM 4X2;CURSOR 450E33T;2010;HMV4E00;SIM;SATELITAL;TRACKER;CEVA;SÍDER REBAIXADO_28P_ 3 EIXOS;CLU0866;LUA CAITANO DE OLIVEIRA;31999018141;NÃO;27/01/2026;;ATIVO;;Francisco Silva;INTER;PF;IC;9 - FINALIZADO;;;;;;;;;;;;;;
IVECO;SÃO PAULO (SP);DOUGLAS OLIVEIRA;27/04/2026;R V BARBOSA TRANSPORTES LTDA;ROGERIO BARBOSA;11 99477-9422;ROGERIOVITORBARBOSA@GMAIL.COM;CM 4X2;CURSOR 450E33T;2011;ATG5I36;SIM;SATELITAL;SASCAR;CEVA;SÍDER REBAIXADO_28P_ 3 EIXOS;RETIRAR;MARCIO ALVES DA SILVA;21975352592;NÃO;11/05/2026;;ENGATE SR;;MARCOS FREITAS;INTER;PJ;IC;9 - FINALIZADO;;;;;;;;;;;;;;
IVECO;SÃO PAULO (SP);DOUGLAS OLIVEIRA;27/04/2026;BARBOSA MOREIRA TRANSPORTES LTDA;PAULO HENRIQUE BARBISA MOREIRA;31 99985-2455;07BARBOSAMOREIRA@GMAIL.COM;CM 6X2;STRALIS 600S44T;2013;ODI1B87;NÃO;N/A;SEM RASTREADOR;CEVA;SÍDER REBAIXADO_28P_ 3 EIXOS;RETIRAR;PAULO HENRIQUE BARBISA MOREIRA;31 99985-2455;NÃO;05/06/2026;;ENGATE SR;;MARCOS FREITAS;INTER;PJ;IC;9 - FINALIZADO;;;;;;;;;;;;;;
IVECO;SÃO PAULO (SP);DOUGLAS OLIVEIRA;27/04/2026;LUIZ ANTONIO DEL DUQUE ;MARCIO DEL DUQUE ;;LUISDELDUQUUE91@GMAIL.COM;CM 4X2;STRALIS 570S38T;2010;MTU6H75;NÃO;N/A;SEM RASTREADOR;CEVA;SÍDER REBAIXADO_28P_ 3 EIXOS;APQ5H16;VALDINEI APARECIDO LEITE ;;NÃO;27/04/2026;;ATIVO;;Francisco Silva;INTER;PF;IC;9 - FINALIZADO;;;;;;;;;;;;;;
IVECO;SÃO PAULO (SP);DOUGLAS OLIVEIRA;01/12/2025;PACO EXPRESSO LTDA;ANDRE LUIS DE AZEVEDO ARAUJO;37998745222;PACOEXPRESSO@HOTMAIL.COM;CM 4X2;STRALISHD 490S42TN;2008;HKN4I48;SIM;SATELITAL;SASCAR;TAC;SÍDER RETO_28P_ 3 EIXOS;HDI9B18;VANDERLUCIO APARECIDO CORREA;31997994492;NÃO;25/03/2026;;ATIVO;;Francisco Silva;INTER;PJ;IC;9 - FINALIZADO;;;;;;;;;;;;;;
IVECO;SÃO PAULO (SP);DOUGLAS OLIVEIRA;01/12/2025;ANTONIO DE PADUA BENFICA;;;;;;;;;;;N/A;;N/A;;;;;;ATIVO;;CARLOS TERRA;INTER;PF;IC;1 - INICIAR CADASTRO;;;;;;;;;;;;;;
IVECO;SÃO PAULO (SP);DOUGLAS OLIVEIRA;01/12/2025;MARCO ANTONIO DOS SANTOS BENFICA;;;;;;;;;;;;;;MARCO ANTONIO DOS SANTOS BENFICA;;;11/06/2026;;ATIVO;;MARCOS FREITAS;;;IC;9 - FINALIZADO;;;;;;;;;;;;;;
IVECO;SÃO PAULO (SP);DOUGLAS OLIVEIRA;01/12/2025;THAIS APARECIDA FERREIRA;;;;;;;;;;;;;;THAIS APARECIDA FERREIRA;;;11/06/2026;;ATIVO;;MARCOS FREITAS;;;IC;9 - FINALIZADO;;;;;;;;;;;;;;
IVECO;MINAS GERAIS  (MG);DOUGLAS OLIVEIRA;22/06/2026;MARIA AP. PEREIRA FALCÃO ;JONATHA FALCÃO; 31 9949-0494;;CM 4X2;IVECO/ECCURSOR 450E32TN;2008;GVQ9D35;NÃO;;;;;;WELLINGTON FELIPE DE SOUZA SANTOS;31999304661;NÃO;22/06/2026;;ATIVO;;CARLOS TERRA;DEDICADO;PF;IC;FINALIZADO ;;;;;;;;;;;;;;
IVECO;MINAS GERAIS  (MG);DOUGLAS OLIVEIRA;29/06/2026;FRANCISCO JOSÉ SOMBRA DOS SANTOS ;DEIVISON;;;CM 4X2;IVECO STRALIS 490 ;2008;HFD4294;NÃO;;;;;RETIRAR;FRANCISO  JOSÉ SOMBRA DOS SANTOS;;NÃO;29/06/2026;;ATIVO;;CARLOS TERRA;DEDICADO;PF;IC;FINALIZADO ;;;;;;;;;;;;;;
MERCOSUL LINE ;SÃO PAULO (SP);FÁBIO GAMARRA;24/06/2026;ANDRÉ GALLUTI;ANDRÉ GALLUTI;11 97589-6235;ANDREGALUTTI@HOTMAIL.COM;CM 4X2;FORD/CARGO 4030;2001;DDN4971;NÃO;;;ALUGADA;PORTA CONTANINER  BUG;RETIRAR;ANDRÉ GALLUTI ;11 97589-6235;NÃO;24/06/2026;;INATIVO;;CARLOS TERRA;DEDICADO;PF;IC;1 - INICIAR CADASTRO;;;;;;;;;;;;;;
MERCOSUL LINE ;SÃO PAULO (SP);FABIO GAMARRA;24/06/2026;JONES LOURENÇO FERREIRA;JONES LOURENÇO FERREIRA;11 95327-6427;JONESLOCADORAS@GMAIL.COM;CM 6X2;IVECO/EUROTECH 450E37TN1;2005;MEZ5H42;NÃO;;;ALUGADA;PORTA CONTANINER  BUG;RETIRAR;JONES LOURENÇO FERREIRA;11 95327-6427;NÃO;24/06/2026;;INATIVO;;CARLOS TERRA;DEDICADO;PF;IC;1 - INICIAR CADASTRO;;;;;;;;;;;;;;
GENERAL MOTORS;SÃO PAULO (SP);CLAYTON VIANA;27/04/2026;VITTORIA TRANSPORTES LTDA;CLAIRTON PEREIRA CRESPIN ;51982667034;SOARESGIUSEPPE@GMAIL.COM;CM 4X2;AXOR 2544;2014;FKS0I51;SIM;SATELITAL;SASCAR;TAC;SÍDER RETO_30P_ 3 EIXOS;RDW7F85;CLAIRTON PEREIRA CRESPIN ;51982667034;NÃO;13/05/2026;;ATIVO;;MARCOS FREITAS;DEDICADO;PJ;IC;9 - FINALIZADO;;;;;;;;;;;;;;
GENERAL MOTORS;SÃO PAULO (SP);CLAYTON VIANA;27/04/2026;VITTORIA TRANSPORTES LTDA;CLAIRTON PEREIRA CRESPIN ;51982667034;SOARESGIUSEPPE@GMAIL.COM;CM 4X2;AXOR 2544;2014;FKS0I51;SIM;SATELITAL;SASCAR;TAC;SÍDER RETO_30P_ 3 EIXOS;RDW7F85;GIUSSEPPE DOS SANTOS SOARES;51982667034;NÃO;13/05/2026;;ATIVO;;MARCOS FREITAS;DEDICADO;PJ;IC;9 - FINALIZADO;;;;;;;;;;;;;;
GENERAL MOTORS;SÃO PAULO (SP);CLAYTON VIANA;01/02/2026;LPC ARGOS - COMERCIO DE CIMENTO E GESSO LTDA;CICERO TADEU FERNANDES LIMA ;;ANITA.RAMOS@LPCARGOS.COM.BR;CM 4X2;FH 460;2025;TJH2D53;SIM;SATELITAL;SASCAR;TAC;SÍDER RETO_28P_ 2 EIXOS;EWU1D11;MARCO AURELIO SOARES;11919254962;NÃO;13/05/2026;;CADASTRO;;MARCOS FREITAS;DEDICADO;PJ;IC;8 - ASSINAT. CONTRATO;;;;;;;;;;;;;;
PERNAMBUCANAS;MINAS GERAIS (MG);GERALDO VIANA;01/02/2026;TRANSLUCIDA TRANSPORTES LTDA;KELEN FATIMA SOARES;31971772041;KELEN.SOARES@TRANSLUCIDA.LOG.BR;LEVE (3/4);11.180 DRC 4X2;2022;RUQ6E59;SIM;SATELITAL;SASCAR;N/A;BAÚ;N/A;ADAIR CONCESSO;31987949276;NÃO;02/06/2026;;ATIVO;;Francisco Silva;DEDICADO;PJ;IC;9 - FINALIZADO;;;;;;;;;;;;;;
PERNAMBUCANAS;MINAS GERAIS (MG);GERALDO VIANA;01/02/2026;TRANSLUCIDA TRANSPORTES LTDA;KELEN FATIMA SOARES;31971772041;KELEN.SOARES@TRANSLUCIDA.LOG.BR;VUC (HR);9.150 E DELIVERY;2010;NYM6H28;SIM;SATELITAL;SASCAR;N/A;BAÚ;N/A;ALEANDRE PEREIRA GOMES;31986530441;NÃO;20/05/2026;;ATIVO;;Francisco Silva;DEDICADO;PJ;IC;9 - FINALIZADO;;;;;;;;;;;;;;
PERNAMBUCANAS;SÃO PAULO (SP);GERALDO VIANA;01/02/2026;CARLOS ALBERTO DA SILVA;CARLOS ALBERTO DA SILVA;11987656961;CARLOS.ALBERTODASILVA@HOTMAIL.COM;CM 4X2;P 340 A4X2;2009;EJY3B638;SIM;SATELITAL;POSITRON;TAC;BAÚ RETO_30P_ 3 EIXOS;CVP9B56;CARLOS ALBERTO DA SILVA;11987656961;NÃO;11/06/2026;;CADASTRO;;Francisco Silva;INTER;PJ;IC;2 - ASSINAT. COMPLIANCE;;;;;;;;;;;;;;
PERNAMBUCANAS;SÃO PAULO (SP);GERALDO VIANA;01/02/2026;CONSTANTINO TRANSPORTES LTDA;RICARDO CONSTANTINO;31999721826;CARLOSFELIPE1419@OUTLOOK.COM;CM 6X2;25.390 CTC 6X2;2017;QCP5J37;SIM;SATELITAL;SASCAR;TAC;BAÚ RETO_28P_ 3 EIXOS;TYL3E41;CARLOS ALBERTO FELIPE GONCALVES DE JESUS;31989853338;NÃO;09/03/2026;;ATIVO;;Francisco Silva;INTER;PJ;IC;9 - FINALIZADO;;;;;;;;;;;;;;
PERNAMBUCANAS;SÃO PAULO (SP);GERALDO VIANA;01/02/2026;CONSTANTINO TRANSPORTES LTDA;RICARDO CONSTANTINO;31999721826;RAYLAEDSON478@GMAIL.COM;CM 6X2;25.360 CTC 6X2;2021;EZY9E91;SIM;SATELITAL;SASCAR;TAC;BAÚ RETO_28P_ 3 EIXOS;TYN1C25;EDSON JOSE SOARES;31983195796;NÃO;09/03/2026;;ATIVO;;Francisco Silva;INTER;PJ;IC;9 - FINALIZADO;;;;;;;;;;;;;;
PERNAMBUCANAS;MINAS GERAIS (MG);GERALDO VIANA;01/02/2026;TRANSLUCIDA TRANSPORTES LTDA;KELEN FATIMA SOARES;31971772041;KELEN.SOARES@TRANSLUCIDA.LOG.BR;TOCO (4X2);CARGO 1119;2014;PVJ0G79;SIM;SATELITAL;SASCAR;N/A;BAÚ;N/A;FABIANO NERY DA SILVA;31998536874;NÃO;09/05/2026;;ATIVO;;Francisco Silva;DEDICADO;PJ;IC;9 - FINALIZADO;;;;;;;;;;;;;;
PERNAMBUCANAS;MINAS GERAIS (MG);GERALDO VIANA;01/02/2026;TRANSLUCIDA TRANSPORTES LTDA;KELEN FATIMA SOARES;31971772041;KELEN.SOARES@TRANSLUCIDA.LOG.BR;LEVE (3/4);CARGO 816 S;2012;;SIM;SATELITAL;SASCAR;N/A;BAÚ;N/A;FILIPE OLIVEIRA DOS SANTOS;31983631306;NÃO;02/06/2026;;ATIVO;;Francisco Silva;DEDICADO;PJ;IC;9 - FINALIZADO;;;;;;;;;;;;;;
PERNAMBUCANAS;MINAS GERAIS (MG);GERALDO VIANA;01/02/2026;TRANSLUCIDA TRANSPORTES LTDA;KELEN FATIMA SOARES;31971772041;KELEN.SOARES@TRANSLUCIDA.LOG.BR;LEVE (3/4);CARGO 816 S;2012;OPB7C59;SIM;SATELITAL;SASCAR;N/A;BAÚ;N/A;FILIPE OLIVEIRA DOS SANTOS;31983631306;NÃO;04/02/2026;;INATIVO;;Francisco Silva;DEDICADO;PJ;IC;9 - FINALIZADO;;;;;;;;;;;;;;
PERNAMBUCANAS;MINAS GERAIS (MG);GERALDO VIANA;01/02/2026;TRANSLUCIDA TRANSPORTES LTDA;KELEN FATIMA SOARES;31971772041;KELEN.SOARES@TRANSLUCIDA.LOG.BR;LEVE (3/4);DRC 4X2;2019;RFC7I93;SIM;SATELITAL;OMNILINK;N/A;BAÚ;N/A;GLAYSSON FRANCISCO PEREIRA;31971710092;NÃO;03/03/2026;;INATIVO;;Francisco Silva;DEDICADO;PJ;IC;9 - FINALIZADO;;;;;;;;;;;;;;
PERNAMBUCANAS;MINAS GERAIS (MG);GERALDO VIANA;01/02/2026;TRANSLUCIDA TRANSPORTES LTDA;KELEN FATIMA SOARES;31971772041;KELEN.SOARES@TRANSLUCIDA.LOG.BR;LEVE (3/4);DRC 4X2;2019;RFC7I93;SIM;SATELITAL;OMNILINK;N/A;BAÚ;N/A;GLAYSSON FRANCISCO PEREIRA;31971710092;NÃO;09/05/2026;;ATIVO;;Francisco Silva;DEDICADO;PJ;IC;9 - FINALIZADO;;;;;;;;;;;;;;
PERNAMBUCANAS;MINAS GERAIS (MG);GERALDO VIANA;01/02/2026;TRANSLUCIDA TRANSPORTES LTDA;KELEN FATIMA SOARES;31971772041;KELEN.SOARES@TRANSLUCIDA.LOG.BR;LEVE (3/4);CARGO 816 S;2012;;SIM;SATELITAL;SASCAR;N/A;BAÚ;N/A;GLEIDSON SA ALMEIDA;31996341287;NÃO;09/05/2026;;ATIVO;;Francisco Silva;DEDICADO;PJ;IC;9 - FINALIZADO;;;;;;;;;;;;;;
PERNAMBUCANAS;MINAS GERAIS (MG);GERALDO VIANA;01/02/2026;TRANSLUCIDA TRANSPORTES LTDA;KELEN FATIMA SOARES;31971772041;KELEN.SOARES@TRANSLUCIDA.LOG.BR;VUC (HR);9.150 E DELIVERY;2010;;SIM;SATELITAL;SASCAR;N/A;BAÚ;N/A;GUILHERME DE SOUZA MENDES;31997896663;NÃO;11/06/2026;;ATIVO;;Francisco Silva;DEDICADO;PJ;IC;9 - FINALIZADO;;;;;;;;;;;;;;
PERNAMBUCANAS;MINAS GERAIS (MG);GERALDO VIANA;01/02/2026;TRANSLUCIDA TRANSPORTES LTDA;KELEN FATIMA SOARES;31971772041;KELEN.SOARES@TRANSLUCIDA.LOG.BR;LEVE (3/4);8.120 EURO3;2011;HBG0F66;SIM;SATELITAL;SASCAR;N/A;BAÚ;N/A;HUGO MAGALHAES DOS SANTOS;31993420460;NÃO;20/05/2026;;ATIVO;;Francisco Silva;DEDICADO;PJ;IC;9 - FINALIZADO;;;;;;;;;;;;;;
PERNAMBUCANAS;MINAS GERAIS (MG);GERALDO VIANA;01/02/2026;TRANSLUCIDA TRANSPORTES LTDA;KELEN FATIMA SOARES;31971772041;KELEN.SOARES@TRANSLUCIDA.LOG.BR;LEVE (3/4);CARGO 816 S;2012;OPB7C59;SIM;SATELITAL;SASCAR;N/A;BAÚ;N/A;JEFERSON LEANDRO DA COSTA;31996341287;NÃO;02/06/2026;;ATIVO;;Francisco Silva;DEDICADO;PJ;IC;9 - FINALIZADO;;;;;;;;;;;;;;
GENERAL MOTORS;SÃO PAULO (SP);CLAYTON VIANA;27/04/2026;R V BARBOSA TRANSPORTES LTDA;ROGERIO BARBOSA;11 99477-9422;ROGERIOVITORBARBOSA@GMAIL.COM;CM 4X2;AXOR 2544;2014;FEK8J46;SIM;SATELITAL;SASCAR;TAC;SÍDER RETO_30P_ 3 EIXOS;PVM7G60;PAULO HENRIQUE DA SILVA AIRES; 11 98262-4007;NÃO;13/05/2026;;ATIVO;;MARCOS FREITAS;SPOT;PJ;IC;9 - FINALIZADO;;;;;;;;;;;;;;
PERNAMBUCANAS;SÃO PAULO (SP);GERALDO VIANA;01/02/2026;MOURAO TRANSPORTE E COMERCIO LTDA;GUILHERME HENRIQUE ALVES MOURAO;31996452306;LEANDRORONNER@GMAIL.COM;CM 4X2;ACTROS 2548S;2021;RNH8C56;SIM;SATELITAL;SASCAR;TAC;BAÚ RETO_30P_ 3 EIXOS;TYM0C99;LEANDRO RONNER DE ASSIS;31982061364;SIM;24/02/2026;;ATIVO;;Francisco Silva;INTER;PJ;IC;9 - FINALIZADO;;;;;;;;;;;;;;
PERNAMBUCANAS;SÃO PAULO (SP);GERALDO VIANA;01/02/2026;ELITY - ALTA SOCIEDADE DE TRANSPORTE DE CARGAS LTDA;AKIRA ANTONIO DE OLIVEIRA;19982750431;AQUIRAOLIVEIRA@YAHOO.COM.BR;CM 4X2;AXOR 1933 S;2010;EJY4A27;SIM;SATELITAL;OMNILINK;TAC;BAÚ RETO_30P_ 3 EIXOS;JXB0B68;NILSON MARIA NEGRAO;19 99757-2096;NÃO;10/06/2026;12/06/2026;ATIVO;;Francisco Silva;SPOT;PJ;IC;9 - FINALIZADO;;;;;;;;;;;;;;
PERNAMBUCANAS;MINAS GERAIS (MG);GERALDO VIANA;01/02/2026;TRANSLUCIDA TRANSPORTES LTDA;KELEN FATIMA SOARES;31971772041;KELEN.SOARES@TRANSLUCIDA.LOG.BR;LEVE (3/4);8.120 EURO3;2011;HBG0566;SIM;SATELITAL;SASCAR;N/A;BAÚ;N/A;RENATO ISIDORO GUIMARAES COELHO;31991712651;NÃO;02/03/2026;;INATIVO;;Francisco Silva;DEDICADO;PJ;IC;9 - FINALIZADO;;;;;;;;;;;;;;
PERNAMBUCANAS;MINAS GERAIS (MG);GERALDO VIANA;01/02/2026;ROGERES FONSECA LIMA;ROGERES FONSECA LIMA;38992059634;ROGERLIMA88@HOTMAIL.COM;VUC (HR);MASTER CH CABINE;2013;FIK2I89;NÃO;N/A;SEM RASTREADOR;N/A;BAÚ;N/A;ROGERES FONSECA LIMA;38992059634;NÃO;03/03/2026;;ATIVO;;Francisco Silva;DEDICADO;PF;IC;9 - FINALIZADO;;;;;;;;;;;;;;
PERNAMBUCANAS;MINAS GERAIS (MG);GERALDO VIANA;01/02/2026;TRANSLUCIDA TRANSPORTES LTDA;KELEN FATIMA SOARES;31971772041;KELEN.SOARES@TRANSLUCIDA.LOG.BR;TOCO (4X2);CARGO 1119;2014;;SIM;SATELITAL;SASCAR;N/A;BAÚ;N/A;THIAGO MATHEUS SANTOS MOREIRA;31991846795;NÃO;02/06/2026;;ATIVO;;Francisco Silva;DEDICADO;PJ;IC;9 - FINALIZADO;;;;;;;;;;;;;;
PERNAMBUCANAS;MINAS GERAIS (MG);GERALDO VIANA;01/02/2026;TRANSLUCIDA TRANSPORTES LTDA;KELEN FATIMA SOARES;31971772041;KELEN.SOARES@TRANSLUCIDA.LOG.BR;TOCO (4X2);CARGO 1119;2014;PVJ0G79;SIM;SATELITAL;SASCAR;N/A;BAÚ;N/A;THIAGO MATHEUS SANTOS MOREIRA;31991846795;NÃO;04/02/2026;;INATIVO;;Francisco Silva;DEDICADO;PJ;IC;9 - FINALIZADO;;;;;;;;;;;;;;
PERNAMBUCANAS;MINAS GERAIS (MG);GERALDO VIANA;01/02/2026;TRANSLUCIDA TRANSPORTES LTDA;KELEN FATIMA SOARES;31971772041;KELEN.SOARES@TRANSLUCIDA.LOG.BR;TRUCK (6X2);ATEGO 2426;2013;OPV9J57;SIM;SATELITAL;SASCAR;N/A;BAÚ;N/A;WARLEM MAGALHAES DE MATOS;31995260968;NÃO;02/06/2026;;ATIVO;;Francisco Silva;DEDICADO;PJ;IC;9 - FINALIZADO;;;;;;;;;;;;;;
PERNAMBUCANAS;MINAS GERAIS (MG);GERALDO VIANA;01/02/2026;TRANSLUCIDA TRANSPORTES LTDA;KELEN FATIMA SOARES;31971772041;KELEN.SOARES@TRANSLUCIDA.LOG.BR;TOCO (4X2);CARGO 1119;2014;;SIM;SATELITAL;SASCAR;N/A;BAÚ;N/A;WESLEY PROCOPRIO CONCESSO;31989649952;NÃO;03/06/2026;;ATIVO;;Francisco Silva;DEDICADO;PJ;IC;9 - FINALIZADO;;;;;;;;;;;;;;
PERNOD RICARD;SÃO PAULO (SP);FABIO GAMARRA;01/02/2026;RG BONAFE TRANSPORTES LTDA;RODRIGO GALANI BONAFE;;BRUNINHO.ITAPEVA@HOTMAIL.COM;CM 4X2;P 360 A4X2;2012;OGT9965;SIM;SATELITAL;AUTOTRAC;TAC;BAÚ RETO_28P_ 3 EIXOS;ESU8189;BRUNO HENRIQUE DA SILVA;35992448601;NÃO;20/02/2026;;ATIVO;;Francisco Silva;INTER;PJ;IC;9 - FINALIZADO;;;;;;;;;;;;;;
PERNOD RICARD;SÃO PAULO (SP);FABIO GAMARRA;01/02/2026;28.266.939 ELIEZER BARDUCO;ELIEZER BARDUCO;11986320003;ELIEZERBJR@HOTMAIL.COM;CM 4X2;P 360 A4X2;2016;FHF4B74;SIM;SATELITAL;ONIXSAT;TAC;BAÚ RETO_28P_ 3 EIXOS;CUJ4H75;ELIEZER BARDUCO JUNIOR;11986320884;SIM;02/02/2026;;ATIVO;;Francisco Silva;INTER;PJ;IC;9 - FINALIZADO;;;;;;;;;;;;;;
PERNOD RICARD;SÃO PAULO (SP);FABIO GAMARRA;01/02/2026;28.266.939 ELIEZER BARDUCO;ELIEZER BARDUCO;11986320003;ALBUQUERQUEJEAN073@GMAIL.COM;CM 4X2;CTC 4X2;2018;DKU3C88;SIM;SATELITAL;ONIXSAT;TAC;BAÚ RETO_28P_ 3 EIXOS;FQD9D99;JEAN CARLOS LOURENCO DE ALBUQUERQUE;13996275831;SIM;02/02/2026;;ATIVO;;Francisco Silva;INTER;PJ;IC;9 - FINALIZADO;;;;;;;;;;;;;;
RENAULT;SÃO PAULO (SP);FABIO FIGUEREDO;01/02/2026;ADEILDO PEREIRA DA CRUZ 26130611897;ADEILDO PEREIRA DA CRUZ;13981084207;ADEILDOPCRUZ@GMAIL.COM;CM 4X2;19.320 CLC TT;2011;EHH8E26;NÃO;N/A;SEM RASTREADOR;CEVA;SÍDER REBAIXADO_28P_ 3 EIXOS;CUD6068;GIOVANE CORDEIRO ORBACH; 42 8818-2014;NÃO;06/05/2026;05/04/2026;ATIVO;;Francisco Gobbi;INTER;PJ;IC;9 - FINALIZADO;;;;;;;;;;;;;;
RENAULT;SÃO PAULO (SP);FABIO FIGUEREDO;01/02/2026;07.734.009 ADEMIR JOSÉ DA ROCHA ;ADEMIR JOSÉ DA ROCHA ;41996922634;ADEJOSEROCHA21@GMAIL.COM;CM 6X2;R440;2013;IUX1A27;SIM;SATELITAL;SASCAR;CEVA;SÍDER REBAIXADO_28P_ 3 EIXOS;AOS4I86;ADEMIR JOSÉ DA ROCHA ;41996922634;NÃO;13/05/2026;;ATIVO;;MARCOS FREITAS;INTER;PJ;IC;9 - FINALIZADO;;;;;;;;;;;;;;
RENAULT;SÃO PAULO (SP);FABIO FIGUEREDO;01/02/2026;J FERNANDES TRANSPORTADORA - ME;ADRIANO SOUZA;41995322923;MAJUTRANSPORTADORA@GMAIL.COM;CM 4X2;19.320 CLC TT;2011;EHH9D28;SIM;SATELITAL;OMNILINK;TAC;MEGA SÍDER_28P_ 3 EIXOS;EJW2B01;ALBANES RODRIGUES FARIA ;41992226246;SIM;;02/01/2026;ATIVO;;Francisco Gobbi;INTER;PJ;IC;9 - FINALIZADO;;;;;;;;;;;;;;
RENAULT;MINAS GERAIS (MG);FABIO FIGUEIREDO;01/02/2026;ANTONIO SERGIO FLORENCIO DOS REIS;ANTONIO SERGIO FLORENCIO DOS REIS;41998163305;ANTONIOSERGIOGOLL@GMAIL.COM;CM 4X2;STRALIS 570S41T;2011;HEM8C69;SIM;SATELITAL;ONIXSAT;CEVA;SÍDER REBAIXADO_28P_ 3 EIXOS;RHK1A84;ALISSON WAGNER REIS DE BRITO;41999150103;NÃO;01/06/2026;15/06/2026;ATIVO;;Francisco Silva;INTER;PF;IC;9 - FINALIZADO;;;;;;;;;;;;;;
RENAULT;SÃO PAULO (SP);FABIO FIGUEREDO;01/02/2026;OLIMPIA CONSTRUTORA E INCORPORADORA LTDA - ME;LUIS CARLOS ALMEIDA CASTRO;;LUIS@TRANSPORTESOLIMPIA.COM.BR;CM 4X2;19.360 CTC 4X2;2018;LTQ6D66;SIM;SATELITAL;SASCAR;CEVA;SÍDER REBAIXADO_28P_ 3 EIXOS;EPU7336;ALMIR ROGERIO DE LIMA ALVES ;41985037094;NÃO;;16/04/2026;ATIVO;;Francisco Silva;INTER;PJ;TSP;9 - FINALIZADO;;;;;;;;;;;;;;
RENAULT;SÃO PAULO (SP);FABIO FIGUEREDO;01/02/2026;UNIFOUR LOGISTICA E ARMAZENS GERAIS LTDA;LUCIANO PRADO;12983140412;DIRETORIA@UNIFOURLOG.COM.BR;CM 4X2;19.330 CTC 4X2;2019;CUJ0F03;NÃO;N/A;SEM RASTREADOR;TAC;SÍDER REBAIXADO_28P_ 3 EIXOS;KJW3I27;AGNALDO FERREIRA DA SILVA;19995801068;NÃO;02/03/2026;16/03/2026;ATIVO;;Francisco Gobbi;SPOT;PJ;IC;9 - FINALIZADO;;;;;;;;;;;;;;
RENAULT;SÃO PAULO (SP);FABIO FIGUEIREDO;01/02/2026;AIRTON PORTELLA JUNIOR;AIRTON PORTELLA JUNIOR;41992445418;JUNIORPORTELLA@ICLOUD.COM;CM 6X2;25.420 CTC 6X2;2014;AZA5A33;SIM;SATELITAL;OMNILINK;CEVA;SÍDER REBAIXADO_28P_ 3 EIXOS;RETIRAR;AIRTON PORTELLA JUNIOR;41992445418;SIM;18/03/2026;;INATIVO;;Francisco Silva;SPOT;PF;IC;9 - FINALIZADO;;;;;;;;;;;;;;
RENAULT;SÃO PAULO (SP);FABIO FIGUEREDO;01/02/2026;ANDERSON DE BELSON ;ANDERSON DE BELSON ; 11 99249-0599; ANDBELSON@HOTMAIL.COM;TRUCK (6X2);25.370 CLM;2012;PEG5576;SIM;SATELITAL;SASCAR;N/A;SÍDER;N/A;ANDERSON DE BELSON ; 11 99249-0599;NÃO;13/05/2026;;ATIVO;;MARCOS FREITAS;DEDICADO;PF;IC;9 - FINALIZADO;;;;;;;;;;;;;;
RENAULT;SÃO PAULO (SP);FABIO FIGUEREDO;01/02/2026;M. MOHRING COMERCIO E SERVICOS;HUMBERTO WOLPERT;13981804478;HUMATRANSPORTESADM@GMAIL.COM;CM 4X2;19.330 CTC 4X2;2017;QCA8C97;NÃO;N/A;SEM RASTREADOR;CEVA;SÍDER REBAIXADO_28P_ 3 EIXOS;TJH8H18;ANGELO JOSE TUBIANO DE JESUS;13997956992;SIM;;24/02/2025;ATIVO;;Francisco Gobbi;INTER;PJ;IC;9 - FINALIZADO;;;;;;;;;;;;;;
RENAULT;SÃO PAULO (SP);FABIO FIGUEREDO;01/02/2026;JOAO MARCIANO DO NASCIMENTO EIRELI;JOAO MARCIANO DO NASCIMENTO EIRELI;37999815018;JMTRANSPORTES.COM.BR@GMAIL.COM;CM 6X2;R 440 A6X2;2018;PPX9D49;SIM;SATELITAL;ONIXSAT;CEVA;SÍDER REBAIXADO_28P_ 3 EIXOS;RETIRAR;ALEX APARECIDO COSTA ;37998113847;NÃO;;;INATIVO;;Francisco Gobbi;SPOT;PJ;IC;9 - FINALIZADO;;;;;;;;;;;;;;
RENAULT;SÃO PAULO (SP);FABIO FIGUEREDO;01/02/2026;LACMAR - TRANSPORTADORA LTDA;GILMAR RIBEIRO;41996584138;LACMAR.TRANSPORTES@GMAIL.COM;CM 4X2;19.320 CLC TT;2011;ESU8C26;NÃO;N/A;SEM RASTREADOR;CEVA;MEGA SÍDER_28P_ 3 EIXOS;TLU0H07;ANTONIO CARLOS DE LIMA;41995924277;NÃO;;02/01/2026;ATIVO;;Francisco Gobbi;INTER;PJ;IC;9 - FINALIZADO;;;;;;;;;;;;;;
RENAULT;SÃO PAULO (SP);FABIO FIGUEREDO;15/03/2026;SIQUEIRA CAMINHOES LTDA;ALISSON CEZAR ALVES CORDEIRO;48991211708;ALISSONCEZAR@GMAIL.COM;CM 4X2;VM 310;2011;ATL8H88;SIM;SATELITAL;OMNILINK;CEVA;SÍDER REBAIXADO_28P_ 3 EIXOS;AYT7087;ALISSON CEZAR ALVES CORDEIRO;48991211708;SIM;07/04/2026;13/04/2026;INATIVO;;MARCOS FREITAS;SPOT;PJ;IC;9 - FINALIZADO;;;;;;;;;;;;;;
RENAULT;SÃO PAULO (SP);FABIO FIGUEREDO;01/02/2026;TRANSPORTES CETNARSKI LTDA - ETC;BRUNO DANIEL CETNARSKI;41999711935;BRUNODANIEL@CETNARSKI.COM.BR;CM 4X2;19.390 CTC 4X2;2011;AUR4H87;SIM;SATELITAL;OMNILINK;CEVA;SÍDER REBAIXADO_28P_ 3 EIXOS;AZR7F16;ANTONIO HENRIQUE LEITE DA SILVA;41984667163;NÃO;;02/01/2026;ATIVO;;Francisco Gobbi;INTER;PJ;TSP;9 - FINALIZADO;;;;;;;;;;;;;;
RENAULT;MINAS GERAIS (MG);FABIO FIGUEIREDO;01/02/2026;ANTONIO SERGIO FLORENCIO DOS REIS;ANTONIO SERGIO FLORENCIO DOS REIS;41998163305;ANTONIOSERGIOGOLL@GMAIL.COM;CM 4X2;R124 GA4X2NZ 400;2005;CPN6F71;SIM;SATELITAL;ONIXSAT;CEVA;SÍDER REBAIXADO_28P_ 3 EIXOS;TJY2I85;ANTONIO SERGIO FLORENCIO DOS REIS;41998163305;NÃO;11/03/2026;24/03/2026;ATIVO;;Francisco Silva;INTER;PF;IC;9 - FINALIZADO;;;;;;;;;;;;;;
RENAULT;SÃO PAULO (SP);FABIO FIGUEREDO;01/02/2026;TRANSPORTES CETNARSKI LTDA - ETC;BRUNO DANIEL CETNARSKI;41999711935;BRUNODANIEL@CETNARSKI.COM.BR;CM 4X2;19.320 CLC TT;2011;EVO8E96;;;;CEVA;SÍDER REBAIXADO_28P_ 3 EIXOS;CUD6022;BRUNO KRAUSE BELICO;41995533731;;;02/01/2026;ATIVO;;Francisco Gobbi;INTER;PJ;TSP;9 - FINALIZADO;;;;;;;;;;;;;;
RENAULT;SÃO PAULO (SP);FABIO FIGUEREDO;01/02/2026;LPC ARGOS - COMERCIO DE CIMENTO E GESSO LTDA;CICERO TADEU FERNANDES LIMA ;;ANITA.RAMOS@LPCARGOS.COM.BR;CM 4X2;FH 460;2025;TJH2D53;SIM;SATELITAL;SASCAR;TAC;SÍDER RETO_28P_ 2 EIXOS;EWU1D11;MARCO AURELIO SOARES;11919254962;NÃO;13/05/2026;;INATIVO;;MARCOS FREITAS;DEDICADO;PJ;IC;9 - FINALIZADO;;;;;;;;;;;;;;
RENAULT;SÃO PAULO (SP);FABIO FIGUEREDO;01/02/2026;JAIR SANTOS DE OLIVEIRA;JAIR SANTOS DE OLIVEIRA;13 98162-0073;JAIRSO0316@HOTMAIL.COM;CM 6X2;;2019;GHL0I39;SIM;SATELITAL;ONIXSAT;;;RETIRAR;BRUNO DOMINGUES DE CARVALHO ;13 996818032;NÃO;08/04/2026;;ATIVO;;MARCOS FREITAS;INTER;PF;IC;9 - FINALIZADO;;;;;;;;;;;;;;
RENAULT;SÃO PAULO (SP);FABIO FIGUEREDO;01/02/2026;BRUNO MARIANO BEZERRA;BRUNO MARIANO BEZERRA;13981972689;BRUNO.MIRACATU@GMAIL.COM;CM 4X2;STRALISHD 490S38TN;2008;AQK7D24;NÃO;N/A;SEM RASTREADOR;CEVA;SÍDER REBAIXADO_28P_ 3 EIXOS;CUD6014;BRUNO MARIANO BEZERRA;13981972689;SIM;;13/02/2026;ATIVO;;Francisco Gobbi;INTER;PF;IC;9 - FINALIZADO;;;;;;;;;;;;;;
RENAULT;SÃO PAULO (SP);FABIO FIGUEREDO;01/02/2026;CLAUDIO BRAULINO TEIXEIRA;CLAUDIO BRAULINO TEIXEIRA;41997559710;CLAUDIOBRAULINO@YAHOO.COM.BR;CM 4X2;G 380 A4X2;2009;IPR0J43;NÃO;N/A;SEM RASTREADOR;TAC;SÍDER REBAIXADO_28P_ 3 EIXOS;APM4H96;CLAUDIO BRAULINO TEIXEIRA;41997559710;NÃO;;02/01/2026;ATIVO;;Francisco Gobbi;INTER;PF;IC;9 - FINALIZADO;;;;;;;;;;;;;;
SUZANO;SÃO PAULO (SP);FABIO GAMARRA;01/02/2026;LPC ARGOS - COMERCIO DE CIMENTO E GESSO LTDA;CICERO TADEU FERNANDES LIMA ;;ANITA.RAMOS@LPCARGOS.COM.BR;CM 4X2;FH 460;2025;TJH2D53;SIM;SATELITAL;SASCAR;TAC;SÍDER RETO_28P_ 2 EIXOS;EWU1D11;MARCO AURELIO SOARES;11919254962;NÃO;13/05/2026;;CADASTRO;;MARCOS FREITAS;DEDICADO;PJ;IC;8 - ASSINAT. CONTRATO;;;;;;;;;;;;;;
RENAULT;SÃO PAULO (SP);FABIO FIGUEREDO;01/02/2026;CLEBER SILVA;CLEBER SILVA;41987247735;CLEBERSILVACKE85@GMAIL.COM;CM 4X2;AXOR 1933 S;2007;DTB7B15;NÃO;N/A;SEM RASTREADOR;CEVA;SÍDER REBAIXADO_28P_ 3 EIXOS;AAK2831;CLEBER SILVA;41987247735;SIM;;03/02/2026;ATIVO;;Francisco Gobbi;INTER;PF;IC;9 - FINALIZADO;;;;;;;;;;;;;;
RENAULT;SÃO PAULO (SP);FABIO FIGUEIREDO;01/02/2026;ALUTRANS DISTRIBUIDORA LTDA;DENIS JUAN MACEDO MORENO; 11 94044-7718;ALUTRANS@OUTLOOK.COM.BR;CM 6X2;P 360 A6X2;2014;OYT0H43;SIM;SATELITAL;OMNILINK;TAC;SÍDER RETO_30P_ 3 EIXOS;TKW6I52;RIVALDO DOS SANTOS;11954604816;SIM;14/04/2026;06/05/2026;ATIVO;;MARCOS FREITAS;SPOT;PJ;IC;9 - FINALIZADO;;;;;;;;;;;;;;
RENAULT;SÃO PAULO (SP);FABIO FIGUEREDO;01/02/2026;CLAUDIO BRAULINO TEIXEIRA;CLAUDIO BRAULINO TEIXEIRA;41997559710;CLAUDIOBRAULINO@YAHOO.COM.BR;CM 4X2;P 340 A4X2;2010;MJT2929;SIM;SATELITAL;OMNILINK;CEVA;SÍDER REBAIXADO_28P_ 2 EIXOS;AKW2243;DANILO SZPACK;41985353806;NÃO;12/06/2026;15/06/2026;ATIVO;;Francisco Silva;INTER;PF;IC;9 - FINALIZADO;;;;;;;;;;;;;;
RENAULT;SÃO PAULO (SP);FABIO FIGUEREDO;01/02/2026;TRANSBELSON TRANSPORTES RODOVI;ANTONIO CARLOS ROSSANEIS;11987317236;OPERACIONAL@DEBELSONTRANSPORTES.COM.BR;CM 6X2;28.460 METEOR 6X2;2022;JBX5A24;SIM;SATELITAL;SASCAR;TAC;BAÚ RETO_28P_ 3 EIXOS;EVA0B76;ANTONIO CARLOS ROSSANEIS;11987317236;NÃO;25/03/2026;;ATIVO;;MARCOS FREITAS;SPOT;PJ;IC;9 - FINALIZADO;;;;;;;;;;;;;;
RENAULT;SÃO PAULO (SP);FABIO FIGUEREDO;01/02/2026;ELBERSON ANTONIO ALBUQUEREQUE ;ELBERSON ANTONIO ALBUQUEREQUE ;41984322498;ELBERSON41165@HOTMAIL.COM;CM 4X2;19.330 CTC 4X2;2013;BEP1A81;SIM;SATELITAL;SASCAR;CEVA;SÍDER REBAIXADO_28P_ 3 EIXOS;APM2133;ELBERSON ANTONIO ALBUQUEREQUE  ;41984322498;NÃO;06/04/2026;16/04/2026;INATIVO;;MARCOS FREITAS;INTER;PF;IC;9 - FINALIZADO;;;;;;;;;;;;;;
RENAULT;SÃO PAULO (SP);FABIO FIGUEREDO;01/02/2026;DEIVDI RIBEIRO ALEGRO;DEIVDI RIBEIRO ALEGRO;41998556271;DEIVDIRIBEIRO@HOTMAIL.COM;CM 6X2;TGX 28.440 6X2 T;2017;BBO4C89;SIM;SATELITAL;ONIXSAT;CEVA;MEGA SÍDER_28P_ 3 EIXOS;DTB0F63;DEIVDI RIBEIRO ALEGRO;41998556271;NÃO;;02/01/2026;ATIVO;;Francisco Gobbi;INTER;PF;IC;9 - FINALIZADO;;;;;;;;;;;;;;
RENAULT;SÃO PAULO (SP);FABIO FIGUEREDO;01/02/2026;FLAVIO & FILHOS TRANSPORTE RODOVIARIO DE CARGAS LTDA;FLAVIO LUIZ CLAUDINO ALVES;41996552934;TRANSPORTES.DOBEM@GMAIL.COM;CM 4X2;19.330 CTC 4X2;2014;AZD4B75;SIM;SATELITAL;OMNILINK;CEVA;SÍDER REBAIXADO_28P_ 3 EIXOS;CUD6088;DENILSON GIROTO MACHADO;41 99597 5257;NÃO;;03/11/2026;ATIVO;;Francisco Gobbi;INTER;PJ;IC;9 - FINALIZADO;;;;;;;;;;;;;;
RENAULT;SÃO PAULO (SP);FABIO FIGUEIREDO;01/02/2026;HELIO SANDRO VILARIM;HELIO SANDRO VILARIM;19995956900;TICCOTKA@GMAIL.COM;CM 4X2;19.320 CLC TT;2010;DAJ9I92;NÃO;N/A;SEM RASTREADOR;CEVA;SÍDER REBAIXADO_28P_ 3 EIXOS;LMJ0741;EMERSON FLORIANO PEREIRA;13 99658-7125;NÃO;15/04/2026;;INATIVO;;MARCOS FREITAS;INTER;PF;IC;9 - FINALIZADO;;;;;;;;;;;;;;
RENAULT;SÃO PAULO (SP);FABIO FIGUEREDO;01/02/2026;JRBL TRANSPORTES LTDA;JRBL TRANSPORTES LTDA;46999790758;JUNIORBLEDC@GMAIL.COM;CM 4X2;VOLVO/FH 440;2011;PFM9B04;NÃO;N/A;SEM RASTREADOR;CEVA;SÍDER REBAIXADO_28P_ 3 EIXOS;RHK1A79;ALTAIR AIRES DA SILVA JUNIOR ;46999790758;SIM;15/05/2026;22/05/2026;INATIVO;;MARCOS FREITAS;INTER;PJ;IC;9 - FINALIZADO;;;;;;;;;;;;;;
RENAULT;SÃO PAULO (SP);FABIO FIGUEREDO;01/02/2026;A&F TRANSPORTES LTDA;ELIZANDRO ANTONIO ANDREATTA;41985302904;ELIZANDRO.ANDREATTA@HOTMAIL.COM;CM 4X2;EUROTECH 450E37TN1;2004;AMD7F63;NÃO;N/A;SEM RASTREADOR;CEVA;SÍDER REBAIXADO_28P_ 3 EIXOS;CUD6018;ELIZANDRO ANTONIO ANDREATTA;41985302904;SIM;;20/02/2025;INATIVO;;Francisco Gobbi;INTER;PJ;IC;9 - FINALIZADO;;;;;;;;;;;;;;
RENAULT;SÃO PAULO (SP);FABIO FIGUEREDO;01/02/2026;CARLOS EDUARDO ANDRADE DE TOLEDO;CARLOS EDUARDO ANDRADE DE TOLEDO;11 96373-7140;GOLDVIVIANE@HOTMAIL.COM;TRUCK (6X2);CARGO 2428;2009;DTE4801;SIM;SATELITAL;SASCAR;N/A;SÍDER;N/A;CARLOS EDUARDO ANDRADE DE TOLEDO;11 96373-7140;NÃO;07/05/2026;;INATIVO;;MARCOS FREITAS;DEDICADO;PF;IC;9 - FINALIZADO;;;;;;;;;;;;;;
RENAULT;SÃO PAULO (SP);FABIO FIGUEREDO;01/02/2026;THALESMA;;;;TRUCK (6X2);;;GKR0E58;;;;N/A;BAÚ;N/A;CARLOS EDUARDO DO NASCIMENTO;;NÃO;;;ATIVO;;Francisco Gobbi;DEDICADO;PJ;TSP;9 - FINALIZADO;;;;;;;;;;;;;;
RENAULT;SÃO PAULO (SP);FABIO FIGUEREDO;01/02/2026;MAURICIO PEDROSO DA SILVA;MAURICIO PEDROSO DA SILVA;13997708791;MAURICIO1406SILVA@GMAIL.COM;CM 4X2;CARGO 1933 TL;2013;FZO7A10;SIM;SATELITAL;OMNILINK;CEVA;SÍDER REBAIXADO_28P_ 3 EIXOS;FOU9G72;CARLOS ISMAEL DA SILVA ;13997708791;NÃO;;;INATIVO;;Francisco Gobbi;SPOT;PF;IC;9 - FINALIZADO;;;;;;;;;;;;;;
RENAULT;SÃO PAULO (SP);FABIO FIGUEIREDO;01/02/2026;RAFAEL DE TORRES SILVA;RAFAEL TORRES DA SILVA;13999652906;RAFAELTORRES1050@GMAIL.COM;CM 4X2;CURSOR 450E33T;2011;AUQ6C37;NÃO;N/A;SEM RASTREADOR;CEVA;SÍDER REBAIXADO_28P_ 3 EIXOS;DTB0G68;ELLIEL MENDES MATHEUS;13996513726;NÃO;24/03/2026;26/03/2026;MANUTENÇÃO;;Francisco Gobbi;INTER;PF;IC;9 - FINALIZADO;;;;;;;;;;;;;;
RENAULT;SÃO PAULO (SP);FABIO FIGUEREDO;01/02/2026;TRANSPORTES CETNARSKI LTDA - ETC;BRUNO DANIEL CETNARSKI;41999711935;BRUNODANIEL@CETNARSKI.COM.BR;CM 4X2;P114GA4X2NZ 330;2004;GVQ2D39;;;;CEVA;SÍDER REBAIXADO_28P_ 3 EIXOS;CUD6076;GABRIEL ANDREJCZUK;41997498335;SIM;;02/01/2026;ATIVO;;Francisco Gobbi;INTER;PJ;TSP;9 - FINALIZADO;;;;;;;;;;;;;;
RENAULT;SÃO PAULO (SP);FABIO FIGUEREDO;01/02/2026;BORUCH TRANSPORTES RODOVIARIOS LTDA;DEBORA BORUCH;41996079402;ERICOBORUCH@OUTLOOK.COM;TRUCK (6X2);VM 260 6X2R;2008;AQU2H52;SIM;SATELITAL;OMNILINK;N/A;SÍDER;N/A;CEZAR HENRICKE DA COSTA MARSSOLLA;41999564467;NÃO;;30/01/2026;ATIVO;;Francisco Gobbi;SPOT;PJ;IC;9 - FINALIZADO;;;;;;;;;;;;;;
RENAULT;SÃO PAULO (SP);FABIO FIGUEREDO;01/02/2026;RODRIGO ANTONIO PARIZOTTO;RODRIGO ANTONIO PARIZOTTO;11983891398;RODRIGOANTONIOPARIZOTTO@GMAIL.COM;CM 4X2;IVECO/STRALIS 600S;2014;CUC2D16;SIM;SATELITAL;OMNILINK;CEVA;SÍDER REBAIXADO_28P_ 3 EIXOS;CUD6097;DANILO MOREIRA BUENO ;13998025282;NÃO;15/05/2026;21/05/2026;INATIVO;;MARCOS FREITAS;INTER;PJ;IC;9 - FINALIZADO;;;;;;;;;;;;;;
RENAULT;MINAS GERAIS (MG);FABIO FIGUEIREDO;01/02/2026;AMELI TRANSPORTES LTDA;ANDERSON CAVALVANTE PINHEIRO;11947254811;TRBRUTUS77@GMAIL.COM;CM 4X2;AXOR 2041 LS;2015;FHV6F79;NÃO;N/A;SEM RASTREADOR;CEVA;SÍDER REBAIXADO_28P_ 3 EIXOS;STO8C43;FABIO ALENCAR DE ALBUQUERQUE;67981926022;NÃO;24/04/2026;27/04/2026;ATIVO;;Francisco Gobbi;INTER;PJ;IC;9 - FINALIZADO;;;;;;;;;;;;;;
RENAULT;SÃO PAULO (SP);FABIO FIGUEREDO;01/02/2026;60.794.986 FABIO NAGATA;FABIO NAGATA;41995025801;FABIONGT85@GMAIL.COM;CM 4X2;AXOR 1933 S;2013;FEJ7I42;SIM;SATELITAL;SASCAR;CEVA;SÍDER REBAIXADO_28P_ 2 EIXOS;AKW2243;FABIO NAGATA;41995025801;SIM;26/03/2026;13/04/2026;ATIVO;;MARCOS FREITAS;INTER;PJ;IC;9 - FINALIZADO;;;;;;;;;;;;;;
RENAULT;SÃO PAULO (SP);FABIO FIGUEREDO;01/02/2026;J FERNANDES TRANSPORTADORA - ME;ADRIANO SOUZA;41995322923;MAJUTRANSPORTADORA@GMAIL.COM;CM 4X2;CURSOR 450E33T;2010;ATH0B46;;;;TAC;SÍDER REBAIXADO_28P_ 3 EIXOS;BUP9G91;FRANCIS DIEGO REMPEL;41988045046;;;08/06/2026;ATIVO;;CARLOS TERRA;INTER;PJ;IC;9 - FINALIZADO;;;;;;;;;;;;;;
RENAULT;SÃO PAULO (SP);FABIO FIGUEREDO;01/02/2026;L C DA SILVA TRANSPORTES - ME;ALEXANDRE DE LIMA SILVA;11947898778;DE_LIMA02@HOTMAIL.COM;CM 4X2;19.390 CTC 4X2;2013;IUI0829;SIM;SATELITAL;POSITRON;CEVA;SÍDER REBAIXADO_28P_ 3 EIXOS;CUD6009;JOSE CARLOS DA SILVA PEREIRA;11964787758;NÃO;14/05/2026;14/05/2026;INATIVO;;Francisco Silva;INTER;PJ;IC;9 - FINALIZADO;;;;;;;;;;;;;;
RENAULT;SÃO PAULO (SP);FABIO FIGUEREDO;01/02/2026;HELIO SANDRO VILARIM;HELIO SANDRO VILARIM;19995956900;TICCOTKA@GMAIL.COM;CM 4X2;19.320 CLC TT;2010;DAJ9I92;NÃO;N/A;SEM RASTREADOR;CEVA;SÍDER REBAIXADO_28P_ 3 EIXOS;BAF8367;JOSE CARLOS MEIRA;13996076700;NÃO;09/06/2026;10/06/2026;INATIVO;;MARCOS FREITAS;INTER;PF;IC;9 - FINALIZADO;;;;;;;;;;;;;;
RENAULT;SÃO PAULO (SP);FABIO FIGUEREDO;01/02/2026;MATEUS LOPES SANCHES;MATEUS LOPES SANCHES;13997304017;MATEUSLSANCHES@GMAIL.COM;CM 4X2;19.380 CTC 4X2;2024;FVZ6G91;NÃO;N/A;SEM RASTREADOR;CEVA;SÍDER REBAIXADO_28P_ 3 EIXOS;AAK2J75;FRANCISCO MARIO TITUBIANO BRAZ;13 99727-7833;NÃO;24/04/2026;27/04/2026;ATIVO;;MARCOS FREITAS;INTER;PJ;IC;9 - FINALIZADO;;;;;;;;;;;;;;
RENAULT;SÃO PAULO (SP);FABIO FIGUEREDO;01/02/2026;MARGARETE APARECIDA DE FRANCA SANTIAGO;MARGARETE APARECISA DE FRANCA SANTIAGO;13996988053;LEANDRORAMIRESOLIVEIRA@GMAIL.COM;CM 4X2;CTC 4X2;2020;BYJ7A13;SIM;SATELITAL;GFM;CEVA;SÍDER REBAIXADO_28P_ 3 EIXOS;CUD6026;LEANDRO RAMIRES DE OLIVEIRA;13991736729;NÃO;08/04/2026;15/04/2026;INATIVO;;Francisco Silva;INTER;PF;IC;9 - FINALIZADO;;;;;;;;;;;;;;
RENAULT;SÃO PAULO (SP);FABIO FIGUEREDO;01/02/2026;GILDO OMAR BARBOZA SARAIVA;GILDO OMAR BARBOZA SARAIVA;11948036271;GILDO671@GMAIL.COM;LEVE (3/4);DAILY 35S14HDCS;2017;GKE2E79;NÃO;N/A;SEM RASTREADOR;N/A;SÍDER;N/A;GEOVANE TOLOI HERNANDES;11948036271;SIM;;03/02/2026;ATIVO;;Francisco Gobbi;DDA;PF;IC;9 - FINALIZADO;;;;;;;;;;;;;;
RENAULT;SÃO PAULO (SP);FABIO FIGUEREDO;01/02/2026;LACMAR - TRANSPORTADORA LTDA;GILMAR RIBEIRO;41996584138;LACMAR.TRANSPORTES@GMAIL.COM;CM 4X2;FH 440 4X2T;2009;EJZ8C37;NÃO;N/A;SEM RASTREADOR;TAC;MEGA SÍDER_28P_ 3 EIXOS;CZZ6254;GILMAR RIBEIRO;41996584138;NÃO;;02/01/2026;ATIVO;;Francisco Gobbi;INTER;PJ;IC;9 - FINALIZADO;;;;;;;;;;;;;;
RENAULT;SÃO PAULO (SP);FABIO FIGUEREDO;01/02/2026;TRANSPORTES CETNARSKI LTDA - ETC;BRUNO DANIEL CETNARSKI;41999711935;BRUNODANIEL@CETNARSKI.COM.BR;CM 4X2;G 380 A4X2;2009;ATL5F05;NÃO;N/A;SEM RASTREADOR;CEVA;SÍDER REBAIXADO_28P_ 3 EIXOS;CUD6011;LUIS CARLOS ANDREJCZUK;41987515392;SIM;;02/01/2026;ATIVO;;Francisco Gobbi;INTER;PF;TSP;9 - FINALIZADO;;;;;;;;;;;;;;
RENAULT;SÃO PAULO (SP);FABIO FIGUEREDO;01/02/2026;KATAOKA;;;;TRUCK (6X2);;;LVO1G87;;;;N/A;BAÚ;N/A;DELVANIR JOSE DOS SANTOS;;NÃO;;;ATIVO;;Francisco Gobbi;DEDICADO;PJ;TSP;9 - FINALIZADO;;;;;;;;;;;;;;
RENAULT;SÃO PAULO (SP);FABIO FIGUEREDO;01/02/2026;TRANSPORTES CETNARSKI LTDA - ETC;BRUNO DANIEL CETNARSKI;41999711935;BRUNODANIEL@CETNARSKI.COM.BR;CM 4X2;T113 4X2 360;1994;MAF0J59;NÃO;N/A;SEM RASTREADOR;CEVA;SÍDER REBAIXADO_28P_ 3 EIXOS;CUD5932;MARCELO EDUARDO HAMBRUSCH;41998450768;NÃO;;02/01/2026;ATIVO;;Francisco Gobbi;INTER;PJ;TSP;9 - FINALIZADO;;;;;;;;;;;;;;
RENAULT;SÃO PAULO (SP);FABIO FIGUEREDO;01/02/2026;W.Y.WATANABE TRANSPORTES;EDER DOS SANTOS SOARES;11934765395;WYOSHIOWATANABE@GMAIL.COM;CM 4X2;R 124;2010;ECM4E84;NÃO;N/A;SEM RASTREADOR;CEVA;SÍDER REBAIXADO_28P_ 3 EIXOS;ARV6I33;EDER DOS SANTOS SOARES ;11934765395;SIM;;03/02/2026;INATIVO;;Francisco Gobbi;DDA;PJ;IC;9 - FINALIZADO;;;;;;;;;;;;;;
RENAULT;SÃO PAULO (SP);FABIO FIGUEREDO;01/02/2026;G.LIMA DA SILVA TRANSPORTES;GILSON LIMA DA SILVA;41996182458;GILSONLS1527@GMAIL.COM;CM 6X2;25.420 CTC 6X2;2018;FXF3H61;NÃO;N/A;SEM RASTREADOR;CEVA;SÍDER RETO_30P_ 2 EIXOS;APQ6A38;GILSON LIMA DA SILVA;41996182458;NÃO;;16/02/2026;ATIVO;;MARCOS FREITAS;INTER;PJ;IC;9 - FINALIZADO;;;;;;;;;;;;;;
RENAULT;SÃO PAULO (SP);FABIO FIGUEREDO;01/02/2026;FRANCISCHINI TRANSPORTADORA DE CARGAS LTDA;MAURILIO FRANCISCHINI;19974081336;;CM 4X2;19.320 CLC TT;2007;DVA3B62;;;;TAC;SÍDER REBAIXADO_28P_ 3 EIXOS;;EDMILSON RAMOS PEREIRA ;;NÃO;;;INATIVO;;Francisco Gobbi;DEDICADO;PJ;TSP;9 - FINALIZADO;;;;;;;;;;;;;;
RENAULT;SÃO PAULO (SP);FABIO FIGUEREDO;01/02/2026;FRANCISCHINI TRANSPORTADORA DE CARGAS LTDA;MAURILIO FRANCISCHINI;19974081336;;CM 4X2;AXOR 1933 S;2007;MRU0414;;;;TAC;SÍDER REBAIXADO_28P_ 3 EIXOS;;EDSON EVARISTO;11953883434;NÃO;;;INATIVO;;Francisco Gobbi;DEDICADO;PJ;TSP;9 - FINALIZADO;;;;;;;;;;;;;;
RENAULT;SÃO PAULO (SP);FABIO FIGUEREDO;01/02/2026;EDICARLOS DE OLIVEIRA SANTOS;EDICARLOS DE OLIVEIRA SANTOS;11940026841;EDICARLOSKAL@HOTMAIL.COM;CM 4X2;AXOR 2044 S;2011;ESU8I09;NÃO;N/A;SEM RASTREADOR;TAC;SÍDER RETO_28P_ 3 EIXOS;LQP1I60;EDICARLOS DE OLIVEIRA SANTOS;11940026841;SIM;;;ATIVO;;Francisco Gobbi;SPOT;PF;IC;9 - FINALIZADO;;;;;;;;;;;;;;
RENAULT;SÃO PAULO (SP);FABIO FIGUEIREDO;01/02/2026;53.354.571 DEIVERLAN GONCALVES AUGUSTO ;DEIVERLAN GONCALVES AUGUSTO ; 13 99662-5273;MÁRIOMARCOSOLTLOOK@GMAIL.COM;CM 4X2;COSTELLEITION;2013;AXB4B40;SIM;SATELITAL;SASCAR;CEVA;SÍDER REBAIXADO_28P_ 2 EIXOS;AKU2F22;MARIO MARCOS DA SILVA;13 99622-5329;NÃO;27/05/2026;01/06/2026;INATIVO;;MARCOS FREITAS;INTER;PJ;IC;9 - FINALIZADO;;;;;;;;;;;;;;
RENAULT;SÃO PAULO (SP);FABIO FIGUEREDO;01/02/2026;APC;;;;TOCO (4X2);;;DJC0219;;;;N/A;SÍDER;N/A;EDUARDO CALIXTO DE SOUZA;;NÃO;;;ATIVO;;Francisco Gobbi;DEDICADO;PJ;TSP;9 - FINALIZADO;;;;;;;;;;;;;;
RENAULT;SÃO PAULO (SP);FABIO FIGUEREDO;01/02/2026;RODRIGO ANTONIO PARIZOTTO;RODRIGO ANTONIO PARIZOTTO;11983891398;RODRIGOANTONIOPARIZOTTO@GMAIL.COM;CM 4X2;IVECO/STRALIS 600S;2014;PWD3G84;SIM;SATELITAL;OMNILINK;CEVA;MEGA SÍDER_28P_ 3 EIXOS;RHK1A78;PATRICK EDUARDO ALVES RIBEIRO ;13998025282;NÃO;15/05/2026;21/05/2026;INATIVO;;MARCOS FREITAS;INTER;PJ;IC;9 - FINALIZADO;;;;;;;;;;;;;;
RENAULT;SÃO PAULO (SP);FABIO FIGUEREDO;01/02/2026;J FERNANDES TRANSPORTADORA - ME;ADRIANO SOUZA;41995322923;MAJUTRANSPORTADORA@GMAIL.COM;CM 4X2;19.330 CTC 4X2;2012;FEJ6C15;SIM;SATELITAL;OMNILINK;CEVA;MEGA SÍDER_28P_ 3 EIXOS;RLE7J53;JAIR BORGES PEDROSO;41996638372;NÃO;;02/01/2026;ATIVO;;Francisco Gobbi;INTER;PJ;IC;9 - FINALIZADO;;;;;;;;;;;;;;
MERCOSUL LINE ;SÃO PAULO (SP);FABIO GAMARRA;26/07/2026;DIEGO GONÇALVES TOMEE;DIEGO GONÇALVES TOMEE; 11 97134-1642;DIEGOGTOMEE@HOTMAIL.COM;CM 4X2;I/IVECOECCURSOR 450E32T;2008;AQO2G85;NÃO;;;TAC;PORTA CONTANINER  BUG;RETIRAR;DIEGO GONÇALVES TOMEE;11 97134-1642;NÃO;15/07/2026;;INATIVO;;THAIS OLIVEIRA;SPOT;PJ;IC;1 - INICIAR CADASTRO;;;;;;;;;;;;;;
RENAULT;SÃO PAULO (SP);FABIO FIGUEREDO;01/02/2026;M M GAMA TGT TRANS GAMA TRANSPORTE;MARCIO MACEDO GAMA;41998463404;MARCIOMACEDOGAMA@GMAIL.COM;CM 4X2;19.320 CLC TT;2009;ART4I16;NÃO;N/A;SEM RASTREADOR;CEVA;SÍDER REBAIXADO_28P_ 3 EIXOS;AJN7B63;JOSE AUGUSTO ALVES DA SILVA GOSS;41998463404;NÃO;;26/02/2026;ATIVO;;Francisco Gobbi;INTER;PJ;IC;9 - FINALIZADO;;;;;;;;;;;;;;
RENAULT;SÃO PAULO (SP);FABIO FIGUEREDO;01/02/2026;J FERNANDES TRANSPORTADORA - ME;ADRIANO SOUZA;41995322923;MAJUTRANSPORTADORA@GMAIL.COM;CM 4X2;19.320 CLC TT;2010;ASJ9B55;SIM;SATELITAL;OMNILINK;TAC;SÍDER REBAIXADO_28P_ 3 EIXOS;ARO7H06;JOSE REINALDO CALDEIRA BRANDES;41996409434;SIM;;27/01/2026;ATIVO;;Francisco Gobbi;INTER;PJ;IC;9 - FINALIZADO;;;;;;;;;;;;;;
RENAULT;SÃO PAULO (SP);FABIO FIGUEIREDO;01/02/2026;59.617.755 JOSE ISAAC DA SILVA LIMA;JOSE ISAAC DA SILVA LIMA;13996587125;ISAAC.SL@LIVE.COM;CM 4X2;VM 330 4X2TT;2015;FQS7B45;SIM;SATELITAL;SASCAR;CEVA;SÍDER REBAIXADO_28P_ 3 EIXOS;RETIRAR;JOSE ISAAC DA SILVA LIMA;13996587125;SIM;16/04/2026;;INATIVO;;MARCOS FREITAS;INTER;PJ;IC;9 - FINALIZADO;;;;;;;;;;;;;;
RENAULT;SÃO PAULO (SP);FABIO FIGUEREDO;01/02/2026;TRANSPORTES CETNARSKI LTDA - ETC;BRUNO DANIEL CETNARSKI;41999711935;BRUNODANIEL@CETNARSKI.COM.BR;CM 4X2;CARGO 4331 S;2005;ANN8C16;;;;CEVA;SÍDER REBAIXADO_28P_ 3 EIXOS;CUD6032;REINALDO SHAFEMBERG FERNANDES VALERA;41999246540;NÃO;;02/01/2026;ATIVO;;Francisco Gobbi;INTER;PJ;TSP;9 - FINALIZADO;;;;;;;;;;;;;;
RENAULT;SÃO PAULO (SP);FABIO FIGUEREDO;01/02/2026;54.004.606 ERINALDO NOBREGA DE AZEVEDO;ERINALDO NOBREGA DE AZEVEDO;11952337992;ERINALDOPARAIBA@GMAIL.COM;TRUCK (6X2);24.280 CRM 6X2;2012;OLO2E43;NÃO;N/A;SEM RASTREADOR;N/A;SÍDER;N/A;ERIEUDO NOBREGA DA SILVA;;;;;ATIVO;;Francisco Gobbi;DEDICADO;PF;IC;9 - FINALIZADO;;;;;;;;;;;;;;
RENAULT;SÃO PAULO (SP);FABIO FIGUEREDO;01/02/2026;TRANSPORTES CETNARSKI LTDA - ETC;BRUNO DANIEL CETNARSKI;41999711935;BRUNODANIEL@CETNARSKI.COM.BR;CM 4X2;AXOR 1933 S;2009;ARW7B02;;;;CEVA;SÍDER REBAIXADO_28P_ 2 EIXOS;ATL0113;REINALDO VALERA;41998776780;NÃO;;02/01/2026;ATIVO;;Francisco Gobbi;INTER;PJ;TSP;9 - FINALIZADO;;;;;;;;;;;;;;
PERNAMBUCANAS;SÃO PAULO (SP);GERALDO VIANA;01/02/2026;JOSEILTON PEREIRA DOS SANTOS;JOSEILTON PEREIRA DOS SANTOS;11999901574;JOSEILTONPEREIRADOSSANTOS1168@GMAIL.COM;CM 4X2;19.360 CTC 4X2;2019;ENE4E40;SIM;SATELITAL;POSITRON;CEVA;BAÚ RETO_30P_ 3 EIXOS;TKR9B83;JOSEILTON PEREIRA DOS SANTOS;11999901574;SIM;17/04/2026;10/06/2026;ATIVO;;MARCOS FREITAS;SPOT;PF;IC;9 - FINALIZADO;;;;;;;;;;;;;;
RENAULT;SÃO PAULO (SP);FABIO FIGUEREDO;01/02/2026;ERNON FERREIRA DE GOES;ERNON FERREIRA DE GOES;11947366253;TRANSPORTADORAGOESTRANS@HOTMAIL.COM;TRUCK (6X2);ATEGO 2426;2013;FDZ1076;SIM;SATELITAL;ALTSAT;N/A;SÍDER;N/A;ERNON FERREIRA DE GOES;11947366253;NÃO;10/03/2026;23/03/2026;ATIVO;;CARLOS TERRA;SPOT;PF;IC;9 - FINALIZADO;;;;;;;;;;;;;;
RENAULT;SÃO PAULO (SP);FABIO FIGUEREDO;01/02/2026;LUCELHO JOSE LIMA;LUCELHO JOSE LIMA;31996979203;LUCELHO@YAHOO.COM;CM 4X2;P 340 A4X2;2011;HJD3A68;NÃO;N/A;SEM RASTREADOR;CEVA;MEGA SÍDER_28P_ 3 EIXOS;TJJ5F15;LUCELHO JOSE LIMA;31996979203;NÃO;;11/08/2025;MANUTENÇÃO;;Francisco Gobbi;INTER;PF;IC;9 - FINALIZADO;;;;;;;;;;;;;;
RENAULT;SÃO PAULO (SP);FABIO FIGUEREDO;01/02/2026;FMLOG TRANSPORTES LTDA;MATHEUS CAMPOS;11988179176;COMERCIAL@TRANSPORTESFMLOG.COM.BR;CM 4X2;19.320 CLC TT;2010;ATA8A48;SIM;SATELITAL;SASCAR;CEVA;SÍDER REBAIXADO_28P_ 3 EIXOS;CUD6089;ROBSON FERREIRA SAMPAIO;41998257009;NÃO;;16/04/2026;ATIVO;;Francisco Silva;INTER;PJ;TSP;9 - FINALIZADO;;;;;;;;;;;;;;
RENAULT;SÃO PAULO (SP);FABIO FIGUEREDO;01/02/2026;FLAVIO & FILHOS TRANSPORTE RODOVIARIO DE CARGAS LTDA;FLAVIO LUIZ CLAUDINO ALVES;41996552934;TRANSPORTES.DOBEM@GMAIL.COM;CM 4X2;19.330 CTC 4X2;2014;AZD4B75;SIM;SATELITAL;OMNILINK;CEVA;SÍDER REBAIXADO_28P_ 3 EIXOS;CUD6088;FLAVIO LUIZ CLAUDINO ALVES ;41996552934;NÃO;;;INATIVO;;Francisco Gobbi;SPOT;PJ;IC;9 - FINALIZADO;;;;;;;;;;;;;;
RENAULT;SÃO PAULO (SP);FABIO FIGUEREDO;01/02/2026;CANESTRARO TRANSPORTES LTDA;CANESTRARO TRANSPORTES LTDA;041 992363313;CANESTRAROTRANSPORTES@GMAIL.COM;CM 4X2;;2020;IZR0H09;SIM;SATELITAL;ONIXSAT;;;RETIRAR;LUCIANO CECON MOREIRA JUNIOR;41 9612-7457;NÃO;08/04/2026;;INATIVO;;MARCOS FREITAS;INTER;PJ;IC;9 - FINALIZADO;;;;;;;;;;;;;;
RENAULT;SÃO PAULO (SP);FABIO FIGUEREDO;01/02/2026;TRANSPORTES CETNARSKI LTDA - ETC;BRUNO DANIEL CETNARSKI;41999711935;BRUNODANIEL@CETNARSKI.COM.BR;CM 4X2;R112 HS 4X2;1987;ABV1H75;;;;CEVA;SÍDER REBAIXADO_28P_ 3 EIXOS;CUD6069;SAMUEL ASSIS DOS SANTOS;41998519201;NÃO;;02/01/2026;ATIVO;;Francisco Gobbi;INTER;PJ;TSP;9 - FINALIZADO;;;;;;;;;;;;;;
RENAULT;SÃO PAULO (SP);FABIO FIGUEREDO;01/02/2026;FRANCISCHINI TRANSPORTADORA DE CARGAS LTDA;MAURILIO FRANCISCHINI;19974081336;;TRUCK (6X2);L 1620;2005;CNR1123;;;;TAC;SÍDER;N/A;FRANCISCO DA COSTA;19997012372;NÃO;;;ATIVO;;Francisco Gobbi;DEDICADO;PJ;TSP;9 - FINALIZADO;;;;;;;;;;;;;;
RENAULT;SÃO PAULO (SP);FABIO FIGUEREDO;01/02/2026;61.617.527 LUCIANO FERREIRA DE PAULA   ;LUCIANO FERREIRA DE PAULA;13997794107;LUCIANOFERREIRA890@HOTMAIL.COM;CM 4X2;19.330 CTC 4X2;2015;QBA2A51;SIM;SATELITAL;OMNILINK;CEVA;SÍDER REBAIXADO_28P_ 3 EIXOS;ATE0895;LUCIANO FERREIRA DE PAULA   ;13997794107;NÃO;06/04/2026;23/04/2026;ATIVO;;MARCOS FREITAS;INTER;PJ;IC;9 - FINALIZADO;;;;;;;;;;;;;;
RENAULT;SÃO PAULO (SP);FABIO FIGUEREDO;01/02/2026;FRANCISCHINI TRANSPORTADORA DE CARGAS LTDA;MAURILIO FRANCISCHINI;19974081336;;CM 4X2;19.320 CLC TT;2007;DVA3B62;;;;TAC;SÍDER REBAIXADO_28P_ 3 EIXOS;;FRANÇUELDO NILTON;11944232398;NÃO;;;ATIVO;;Francisco Gobbi;DEDICADO;PJ;TSP;9 - FINALIZADO;;;;;;;;;;;;;;
RENAULT;SÃO PAULO (SP);FABIO FIGUEREDO;01/02/2026;MATEUS LOPES SANCHES;MATEUS LOPES SANCHES;13997304017;MATEUSLSANCHES@GMAIL.COM;CM 4X2;19.380 CTC 4X2;2024;FVZ6G91;NÃO;N/A;SEM RASTREADOR;CEVA;SÍDER REBAIXADO_28P_ 3 EIXOS;AAK2J75;SANDRO FERNANDES PIRES;13996022675;NÃO;08/05/2026;08/06/2026;INATIVO;;Francisco Silva;INTER;PF;IC;9 - FINALIZADO;;;;;;;;;;;;;;
RENAULT;SÃO PAULO (SP);FABIO FIGUEREDO;01/02/2026;GENADIR NICOLAU;GENADIR NICOLAU;15981537200;NICOLAUBT@YAHOO.COM.BR;CM 4X2;19.320 CLC TT;2006;DPB3A84 ;SIM;SATELITAL;SASCAR;TAC;SÍDER RETO_28P_ 3 EIXOS;BUP2539;GENADIR NICOLAU;15981537200;NÃO;01/04/2026;;ATIVO;;MARCOS FREITAS;SPOT;PF;IC;9 - FINALIZADO;;;;;;;;;;;;;;
RENAULT;SÃO PAULO (SP);FABIO FIGUEREDO;01/02/2026;41.876.674 IGOR RODRIGUES MACIEL;IGOR RODRIGUES MACIEL;13 99678-6946;MAURICIO1406SILVA@GMAIL.COM;CM 4X2;AXOR 1933 S;2013;FDB6E13;NÃO;N/A;SEM RASTREADOR;CEVA;SÍDER REBAIXADO_28P_ 3 EIXOS;AJN4H23;MAURICIO PEDROSO DA SILVA;13996786946;NÃO;26/05/2026;28/05/2026;ATIVO;;MARCOS FREITAS;INTER;PJ;IC;9 - FINALIZADO;;;;;;;;;;;;;;
RENAULT;SÃO PAULO (SP);FABIO FIGUEREDO;01/02/2026;FRANCISCHINI TRANSPORTADORA DE CARGAS LTDA;MAURILIO FRANCISCHINI;19974081336;;TRUCK (6X2);ATEGO 1725;2006;AOZ2396;;;;N/A;SÍDER;N/A;GENIVALDO SANTOS;11986869706;NÃO;;;ATIVO;;Francisco Gobbi;DEDICADO;PJ;TSP;9 - FINALIZADO;;;;;;;;;;;;;;
RENAULT;SÃO PAULO (SP);FABIO FIGUEREDO;01/02/2026;J FERNANDES TRANSPORTADORA - ME;ADRIANO SOUZA;41995322923;MAJUTRANSPORTADORA@GMAIL.COM;CM 4X2;19.330 CTC 4X2;2013;IUX9911;SIM;SATELITAL;OMNILINK;CEVA;MEGA SÍDER_28P_ 3 EIXOS;RLE8A03;MIGUEL RODRIGO PEREIRA DA LUZ;41988897030;NÃO;;28/01/2026;ATIVO;;Francisco Gobbi;INTER;PJ;IC;9 - FINALIZADO;;;;;;;;;;;;;;
RENAULT;SÃO PAULO (SP);FABIO FIGUEREDO;01/02/2026;38.437.334 NELSON NOVAIS SILVA;NELSON NOVAIS SILVA FILHO;13997596988;TRANSP.NOVAIS@GMAIL.COM;CM 4X2;CURSOR 450E33T;2011;ESU6D73;SIM;SATELITAL;OMNILINK;CEVA;SÍDER REBAIXADO_28P_ 3 EIXOS;AUG2C78;NELSON NOVAIS SILVA FILHO;13997596988;NÃO;;01/03/2026;ATIVO;;Francisco Gobbi;INTER;PJ;IC;9 - FINALIZADO;;;;;;;;;;;;;;
RENAULT;SÃO PAULO (SP);FABIO FIGUEREDO;01/02/2026;RIAN MARQUES FERREIRA;RIAN MARQUES FERREIRA;;RIANK124@HOTMAIL.COM;CM 4X2;R124 GA4X2NZ 400;2005;GVQ3D21;SIM;SATELITAL;OMNILINK;TAC;SÍDER REBAIXADO_28P_ 3 EIXOS;EMU6162 ;GERALDO DE JESUS FERREIRA;31991749740;NÃO;;26/12/2025;ATIVO;;Francisco Gobbi;SPOT;PF;IC;9 - FINALIZADO;;;;;;;;;;;;;;
RENAULT;SÃO PAULO (SP);FABIO FIGUEREDO;01/02/2026;FENIX DISTRIBUIDORA LTDA;IGOR EIBEL;41987240061;IGOREIBEL@GMAIL.COM;CM 4X2;ECCURSOR 450E32TN;2009;MGW0G74;SIM;SATELITAL;SASCAR;CEVA;MEGA SÍDER_28P_ 3 EIXOS;RHE3D05;VALDIR PANTOJA VIANA;91992828714;NÃO;;02/01/2026;INATIVO;;Francisco Gobbi;INTER;PJ;IC;9 - FINALIZADO;;;;;;;;;;;;;;
RENAULT;SÃO PAULO (SP);FABIO FIGUEREDO;01/02/2026;NORIVAL REZENDE DE SOUZA;NORIVAL REZENDE DE SOUZA;11999535022;OGSTRANSPORTES22@GMAIL.COM;CM 4X2;P 360 A4X2;2015;GBI0H98;SIM;SATELITAL;SASCAR;CEVA;SÍDER REBAIXADO_28P_ 2 EIXOS;ALG6559;OCTAVIO GILBERTO SPINELLI  ;11992568649;NÃO;06/04/2026;24/04/2026;ATIVO;;MARCOS FREITAS;INTER;PF;IC;9 - FINALIZADO;;;;;;;;;;;;;;
RENAULT;SÃO PAULO (SP);FABIO FIGUEREDO;01/02/2026;62.736.478 JEAN CARLOS LOURENCO DE ALBUQUERQUE;JEAN CARLOS LOURENCO DE ALBUQUERQUE;13996275831;ALBUQUERQUEJEAN073@GMAIL.COM;CM 6X2;25.390 CTC 6X2;2013;FKT8F51;SIM;SATELITAL;SASCAR;CEVA;SÍDER REBAIXADO_28P_ 3 EIXOS;CUD6016;WELLINGTON THIAGO FERRARI DA SILVA CORDEIRO;13996477211;NÃO;;07/10/2025;INATIVO;;Francisco Gobbi;INTER;PJ;IC;9 - FINALIZADO;;;;;;;;;;;;;;
RENAULT;SÃO PAULO (SP);FABIO FIGUEREDO;01/02/2026;CHUVARIUSKI TRANSPORTES E SERVICOS LTDA;ADILSON LUZ LOPES;41997874425;CHUVARIUSKITRANSPORTES@GMAIL.COM;CM 4X2;FH 440 4X2T;2011;EPU6B28;NÃO;N/A;SEM RASTREADOR;CEVA;SÍDER REBAIXADO_28P_ 3 EIXOS;CUD6012;ADILSON LUZ LOPES ;41997874425;NÃO;;;INATIVO;;Francisco Gobbi;INTER;PJ;IC;9 - FINALIZADO;;;;;;;;;;;;;;
RENAULT;SÃO PAULO (SP);FABIO FIGUEIREDO;01/02/2026;ADRIANO JOSE ALVES;ADRIANO JOSE ALVES;11940200525;MAXWUEL.PINHEIRO@HOTMAIL.COM;CM 4X2;CLC TT;2011;CUA1A46;NÃO;N/A;SEM RASTREADOR;CEVA;SÍDER REBAIXADO_28P_ 3 EIXOS;AOL0C62;ADRIANO JOSE ALVES ;11940200525;NÃO;12/01/2026;;INATIVO;;Francisco Gobbi;INTER;PF;IC;9 - FINALIZADO;;;;;;;;;;;;;;
RENAULT;SÃO PAULO (SP);FABIO FIGUEREDO;01/02/2026;TRANS BLASQUE TRANSPORTE LTDA;MARIO BLASQUE MATHEUS FILHO;19996117054;TRANSBLASQUE@GMAIL.COM;CM 4X2;19.330 CTC 4X2;2011;FFN7294;SIM;SATELITAL;OMNILINK;CEVA;SÍDER REBAIXADO_28P_ 3 EIXOS;RETIRAR;GUMERCINO ALVES ;11972464361;NÃO;;;INATIVO;;Francisco Gobbi;SPOT;PJ;IC;9 - FINALIZADO;;;;;;;;;;;;;;
RENAULT;SÃO PAULO (SP);FABIO FIGUEREDO;01/02/2026;ADRIANO NOBREGA DE FRANCA;ADRIANO NOBREGA DE FRANCA;13996065115;ADRIANONOBREGA31@GMAIL.COM;CM 4X2;G 380 A4X2;2010;CPN5E69;NÃO;N/A;SEM RASTREADOR;CEVA;MEGA SÍDER_28P_ 3 EIXOS;TMH2G87;ADRIANO NOBREGA DE FRANCA ;13996065115;NÃO;;;INATIVO;;Francisco Gobbi;INTER;PJ;IC;9 - FINALIZADO;;;;;;;;;;;;;;
RENAULT;SÃO PAULO (SP);FABIO FIGUEREDO;01/02/2026;ALESSANDRO MORAIS DOS SANTOS;ALESSANDRO MORAIS DOS SANTOS;13981670585;MORAISALESSANDRO963@GMAIL.COM;CM 4X2;25.390 CTC 6X2;2013;FJX2J25;SIM;SATELITAL;OMNILINK;CEVA;SÍDER REBAIXADO_28P_ 3 EIXOS;CUD6088;ALESSANDRO MORAIS DOS SANTOS;13981670585;SIM;24/03/2026;06/04/2026;INATIVO;;MARCOS FREITAS;INTER;PJ;IC;9 - FINALIZADO;;;;;;;;;;;;;;
RENAULT;SÃO PAULO (SP);FABIO FIGUEREDO;01/02/2026;MAURICIO PEDROSO DA SILVA;HUMBERTO WOLPERT;13996180449;MAURICIO1406SILVA@GMAIL.COM;CM 4X2;CARGO 1933 TL;2013;FZO7A10;SIM;SATELITAL;OMNILINK;CEVA;SÍDER REBAIXADO_28P_ 3 EIXOS;FOU9G72;ALEX RIBEIRO MONSORES ;13996114819;NÃO;;;INATIVO;;Francisco Gobbi;INTER;PF;IC;9 - FINALIZADO;;;;;;;;;;;;;;
RENAULT;SÃO PAULO (SP);FABIO FIGUEREDO;01/02/2026;MARIA ELISANGELA BESERRA DA SILVA;ANDERSON DE SOUSA MARCIANO;13996220591;ANDERSODESOUZASANCHES013@GMAIL.COM;CM 4X2;19.320 CLC TT;2007;DVS1545;NÃO;N/A;SEM RASTREADOR;CEVA;SÍDER REBAIXADO_28P_ 3 EIXOS;RETIRAR;ANDERSON DE SOUSA MARCIANO;13996220591;SIM;09/04/2026;;INATIVO;;Francisco Silva;INTER;PF;IC;9 - FINALIZADO;;;;;;;;;;;;;;
RENAULT;SÃO PAULO (SP);FABIO FIGUEIREDO;01/02/2026;ANDERSON RICARDO PORTELLA;ANDERSON RICARDO PORTELLA;41996703187;ANDER399@GMAIL.COM;CM 4X2;STRALIS 490S41T;2011;CZB5C78;SIM;SATELITAL;OMNILINK;CEVA;SÍDER REBAIXADO_28P_ 3 EIXOS;MCT6654;ANDERSON RICARDO PORTELLA ;41996703187;NÃO;18/03/2026;;INATIVO;;Francisco Silva;INTER;PF;IC;9 - FINALIZADO;;;;;;;;;;;;;;
RENAULT;SÃO PAULO (SP);FABIO FIGUEREDO;01/02/2026;TRANSPORTADORA SIDER LIMEIRA LTDA;FELIPE MARQUES;19971003756;CONTATO@TRANSPORTADORASIDER.COM.BR;CM 6X2;FH 460 6X2T;2003;FLJ1H51;SIM;SATELITAL;SASCAR;CEVA;SÍDER REBAIXADO_28P_ 3 EIXOS;AJT4678;ANDRE LUIZ GONCALVES DA SILVA;19999535485;SIM;09/04/2026;;INATIVO;;Francisco Silva;INTER;PJ;IC / ETC;9 - FINALIZADO;;;;;;;;;;;;;;
RENAULT;SÃO PAULO (SP);FABIO FIGUEREDO;01/02/2026;R V BARBOSA TRANSPORTES LTDA;ROGERIO BARBOSA;11 99477-9422;ROGERIOVITORBARBOSA@GMAIL.COM;TRUCK (6X2);L 1620;2004;MWO6A10;NÃO;N/A;SEM RASTREADOR;N/A;SÍDER;N/A;JEFFERSON DANIEL DOMINGUES RIBEIRO;11999038848;NÃO;02/01/2026;;INATIVO;;Francisco Gobbi;DDA;PJ;IC;9 - FINALIZADO;;;;;;;;;;;;;;
RENAULT;SÃO PAULO (SP);FABIO FIGUEREDO;01/02/2026;VINICIUS PRIMO VASCONCELOS ;VINICIUS PRIMO VASCONCELOS ;11983574790;VINICIUSPRIMOVASCONCELOS@GMAIL.COM;CM 4X2;AXOR 1935 S;2016;EGJ7B78;SIM;SATELITAL;SASCAR;CEVA;SÍDER REBAIXADO_28P_ 2 EIXOS;CLU1042;ANDRE LUIZ PEREIRA DA SILVA ;11983574790;NÃO;07/04/2026;04/09/2026;INATIVO;;MARCOS FREITAS;INTER;PF;IC;9 - FINALIZADO;;;;;;;;;;;;;;
RENAULT;SÃO PAULO (SP);FABIO FIGUEREDO;01/02/2026;MARCIEL DA SILVA SANTOS 35895072844;MARCIEL DA SILVA SANTOS;13982091777;MARCIELMARRONE04@GMAIL.COM;CM 4X2;19.390 CTC 4X2;2012;OLO6G09;NÃO;N/A;SEM RASTREADOR;CEVA;SÍDER REBAIXADO_28P_ 3 EIXOS;AJN4H23;ANDRYO SABINO MACIEL ;13996727323;NÃO;;;INATIVO;;Francisco Gobbi;INTER;PJ;IC;9 - FINALIZADO;;;;;;;;;;;;;;
RENAULT;SÃO PAULO (SP);FABIO FIGUEREDO;01/02/2026;64.213.271 RAFAEL DA SILVA SANTOS;RAFAEL DA SILVA SANTOS;13996061073;RAFAEL.DASILVASANTOSA@GMAIL.COM;CM 4X2;IVECOCURSOR 450E32T;2008;MIB4D24;NÃO;N/A;SEM RASTREADOR;CEVA;SÍDER REBAIXADO_28P_ 3 EIXOS;STO8C43;JOAO AFONSO FERNANDES ;13996146843;NÃO;;;INATIVO;;Francisco Gobbi;SPOT;PJ;IC;9 - FINALIZADO;;;;;;;;;;;;;;
RENAULT;SÃO PAULO (SP);FABIO FIGUEREDO;01/02/2026;ANTONIO CARLOS TUCCI;ANTONIO CARLOS TUCCI;41991121051;ANTONIOCARLOS201FM7@GMAIL.COM;CM 4X2;19.320 CLC TT;2011;AKK5J88;NÃO;N/A;SEM RASTREADOR;CEVA;SÍDER REBAIXADO_28P_ 2 EIXOS;SEC6D08;ANTONIO CARLOS TUCCI ;41991121051;NÃO;;;INATIVO;;Francisco Gobbi;INTER;PF;IC;9 - FINALIZADO;;;;;;;;;;;;;;
RENAULT;SÃO PAULO (SP);FABIO FIGUEIREDO;01/02/2026;JOSEILTON PEREIRA DOS SANTOS;JOSEILTON PEREIRA DOS SANTOS;11999901574;JOSEILTONPEREIRADOSSANTOS1168@GMAIL.COM;CM 4X2;19.360 CTC 4X2;2019;ENE4E40;SIM;SATELITAL;POSITRON;CEVA;SÍDER RETO_30P_ 3 EIXOS;GSH8509;JOSEILTON PEREIRA DOS SANTOS;11999901574;SIM;17/04/2026;14/05/2026;ATIVO;;MARCOS FREITAS;SPOT;PF;IC;9 - FINALIZADO;;;;;;;;;;;;;;
RENAULT;SÃO PAULO (SP);FABIO FIGUEREDO;01/02/2026;CELIO PEREIRA ALVES;CELIO PEREIRA ALVES;41991170578;CELIOPALVES@GMAIL.COM;CM 6X2;25.420 CTC 6X2;2018;QPG5B81;NÃO;N/A;SEM RASTREADOR;CEVA;SÍDER REBAIXADO_28P_ 3 EIXOS;BAF8370;CELIO PEREIRA ALVES ;41991170578;NÃO;;;INATIVO;;Francisco Gobbi;INTER;PF;IC;9 - FINALIZADO;;;;;;;;;;;;;;
RENAULT;SÃO PAULO (SP);FABIO FIGUEIREDO;01/02/2026;HELIO SANDRO VILARIM;HELIO SANDRO VILARIM;19995956900;TICCOTKA@GMAIL.COM;CM 4X2;19.320 CLC TT;2010;DAJ9I92;NÃO;N/A;SEM RASTREADOR;CEVA;SÍDER REBAIXADO_28P_ 3 EIXOS;BAF8367;CELSO RODRIGO LOURENÇO;13997711730;NÃO;;;INATIVO;;MARCOS FREITAS;INTER;PF;IC;9 - FINALIZADO;;;;;;;;;;;;;;
RENAULT;SÃO PAULO (SP);FABIO FIGUEREDO;01/02/2026;LACMAR - TRANSPORTADORA LTDA;GILMAR RIBEIRO;41996584138;LACMAR.TRANSPORTES@GMAIL.COM;CM 4X2;19.370 CLM T 4X2;2011;DVS5J25;NÃO;N/A;SEM RASTREADOR;CEVA;SÍDER REBAIXADO_28P_ 3 EIXOS;QJN3019;CLEBERSON FURLAN;41996821809;SIM;08/05/2026;12/05/2026;INATIVO;;Francisco Silva;INTER;PJ;IC;9 - FINALIZADO;;;;;;;;;;;;;;
RENAULT;SÃO PAULO (SP);FABIO FIGUEREDO;01/02/2026;CLEIDSON DO NASCIMENTO SIQUEIRA DOS SANTOS;CLEIDSON DO NASCIMENTO SIQUEIRA DOS SANTOS;13997001965;CLEIDSONSIQUEIRA0@GMAIL.COM;CM 6X2;FH 440 6X2T;2011;PEV9H34;NÃO;N/A;SEM RASTREADOR;CEVA;SÍDER REBAIXADO_28P_ 3 EIXOS;TJH8H18;CLEIDSON DO NASCIMENTO SIQUEIRA DOS SANTOS ;13997001965;NÃO;;;INATIVO;;Francisco Gobbi;INTER;PF;IC;9 - FINALIZADO;;;;;;;;;;;;;;
RENAULT;SÃO PAULO (SP);FABIO FIGUEREDO;01/02/2026;LIMIT LOG TRANSPORTE RODOVIARIO DE CARGAS EIRELI;VLADIMIR TADEU JOAO PAULO JUNIOR;11947786764;VLADIMIR.JRTADEU@GMAIL.COM;CM 6X2;R124 LA  6X2 NA 360;1998;CPJ2F69;SIM;SATELITAL;OMNILINK;CEVA;SÍDER REBAIXADO_28P_ 3 EIXOS;CLU1041;JOSE HAROLDO DA SILVA;11967497437;NÃO;;;INATIVO;;Francisco Gobbi;DDA;PJ;IC;9 - FINALIZADO;;;;;;;;;;;;;;
RENAULT;SÃO PAULO (SP);FABIO FIGUEREDO;01/02/2026;28.266.939 ELIEZER BARDUCO;ELIEZER BARDUCO;11986320003;ELIEZERBJR@HOTMAIL.COM;CM 4X2;19.360 CTC 4X2;2018;GEV4G63;NÃO;N/A;SEM RASTREADOR;CEVA;SÍDER REBAIXADO_28P_ 3 EIXOS;RHK1A79;CLEMIR DE JESUS ;13982163557;NÃO;;;INATIVO;;Francisco Gobbi;INTER;PJ;IC;9 - FINALIZADO;;;;;;;;;;;;;;
RENAULT;SÃO PAULO (SP);FABIO FIGUEREDO;01/02/2026;BORUCH TRANSPORTES RODOVIARIOS LTDA;DEBORA BORUCH;41996079402;ERICOBORUCH@OUTLOOK.COM;CM 4X2;FH 400 4X2T;2007;ASS0J39;SIM;SATELITAL;TRACKER;CEVA;SÍDER REBAIXADO_28P_ 3 EIXOS;DTC7I73;CLEVERSON LEANDRO MARSSOLA;41996906635;NÃO;;;INATIVO;;Francisco Gobbi;INTER;PJ;IC;9 - FINALIZADO;;;;;;;;;;;;;;
RENAULT;SÃO PAULO (SP);FABIO FIGUEREDO;01/02/2026;BORUCH TRANSPORTES RODOVIARIOS LTDA;DEBORA BORUCH;41996079402;ERICOBORUCH@OUTLOOK.COM;CM 4X2;AXOR 1933 S;2007;ATU0069;SIM;SATELITAL;OMNILINK;CEVA;SÍDER REBAIXADO_28P_ 3 EIXOS;DTC7I73;DANIEL LEONARDO PIRES ;41974010655;NÃO;;23/03/2026;INATIVO;;Francisco Gobbi;INTER;PJ;IC;9 - FINALIZADO;;;;;;;;;;;;;;
RENAULT;SÃO PAULO (SP);FABIO FIGUEREDO;01/02/2026;TRANS BLASQUE TRANSPORTE LTDA;MARIO BLASQUE MATHEUS FILHO;19996117054;TRANSBLASQUE@GMAIL.COM;CM 4X2;19.330 CTC 4X2;2011;FFN7294;SIM;SATELITAL;OMNILINK;CEVA;SÍDER REBAIXADO_28P_ 3 EIXOS;AUG2C78;JOSE RICARDO DE OLIVEIRA ;15998611403;NÃO;;;INATIVO;;Francisco Gobbi;SPOT;PJ;IC;9 - FINALIZADO;;;;;;;;;;;;;;
RENAULT;SÃO PAULO (SP);FABIO FIGUEREDO;01/02/2026;TRANS BLASQUE TRANSPORTE LTDA;MARIO BLASQUE MATHEUS FILHO;19996117054;TRANSBLASQUE@GMAIL.COM;CM 4X2;P 340 A4X2;2010;KXV5924;SIM;SATELITAL;OMNILINK;CEVA;SÍDER REBAIXADO_28P_ 3 EIXOS;RETIRAR;JOSE RICARDO DE OLIVEIRA ;15998611403;NÃO;;16/01/2026;INATIVO;;Francisco Gobbi;DEDICADO;PJ;IC;9 - FINALIZADO;;;;;;;;;;;;;;
RENAULT;SÃO PAULO (SP);FABIO FIGUEIREDO;01/02/2026;THIAGO BORGES CABRAL DE TOLEDO 452015928;THIAGO BORGES CABRAL DE TOLEDO;11 94030-8272;THIAGO.TRIARCO@GMAIL.COM;TRUCK (6X2);VM 270 6X2R;2015;FTN2I36;NÃO;N/A;SEM RASTREADOR;N/A;SÍDER;N/A;THIAGO BORGES CABRAL DE TOLEDO;11 94030-8272;NÃO;17/04/2026;;INATIVO;;MARCOS FREITAS;DEDICADO;PJ;IC;9 - FINALIZADO;;;;;;;;;;;;;;
RENAULT;SÃO PAULO (SP);FABIO FIGUEREDO;01/02/2026;TR DINHO TRANSPORTES LTDA;JOSE ANDERSON DA SILVA;11963106033;LUISJAPA1992@GMAIL.COM;CM 4X2;19.330 CTC 4X2;2011;ARH0I54;SIM;SATELITAL;SASCAR;TAC;SÍDER RETO_30P_ 3 EIXOS;DPE5D69;JOSE RONALDO DA SILVA;79996277679;NÃO;25/05/2026;;ATIVO;;MARCOS FREITAS;SPOT;PJ;IC;8 - ASSINAT. CONTRATO;;;;;;;;;;;;;;
MERCOSUL LINE ;SÃO PAULO (SP);FABIO GAMARRA;26/07/2026;LUCAS ROCHA DA SILVA ;47.653.473 LUCAS ROCHA DA SILVA ;11 95386-3708; LUCASRH81@GMAIL.COM;CM 4X2;FM 370 4X2T;2010;IQO6B49;NÃO;;;TAC;PORTA CONTANINER  BUG;UGV3D95; LUCAS ROCHA DA SILVA ;11 95386-3708;NÃO;17/07/2026;;ATIVO;;THAIS OLIVEIRA;DEDICADO;;IC;1 - INICIAR CADASTRO;;;;;;;;;;;;;;
RENAULT;SÃO PAULO (SP);FABIO FIGUEREDO;01/02/2026;CHUVARIUSKI TRANSPORTES E SERVICOS LTDA;DERIK ADRIANO MACHADO;13981353771;CHUVARIUSKITRANSPORTES@GMAIL.COM;CM 4X2;19.320 CLC TT;2007;KKX4F18;NÃO;N/A;SEM RASTREADOR;CEVA;SÍDER REBAIXADO_28P_ 3 EIXOS;RETIRAR;DERIK ADRIANO MACHADO ;13981353771;NÃO;;;INATIVO;;Francisco Gobbi;INTER;PJ;IC;9 - FINALIZADO;;;;;;;;;;;;;;
RENAULT;SÃO PAULO (SP);FABIO FIGUEREDO;01/02/2026;TRANSPORTADORA SIDER LIMEIRA LTDA;JULIO MARQUES;19971442122;CONTATO@TRANSPORTADORASIDER.COM.BR;CM 6X2;FH 460 6X2T;2003;FLJ1H51;SIM;SATELITAL;SASCAR;CEVA;SÍDER REBAIXADO_28P_ 3 EIXOS;AJT4678;EDUARDO DE SOUZA BARBOSA;21970137343;SIM;18/05/2026;;INATIVO;;Francisco Silva;INTER;PJ;IC / ETC;9 - FINALIZADO;;;;;;;;;;;;;;
RENAULT;SÃO PAULO (SP);FABIO FIGUEREDO;01/02/2026;M. MOHRING COMERCIO E SERVICOS;HUMBERTO WOLPERT;13981123076;HUMATRANSPORTESADM@GMAIL.COM;CM 6X2;FH 440 6X2T;2011;PEJ6F23;NÃO;N/A;SEM RASTREADOR;CEVA;SÍDER REBAIXADO_28P_ 3 EIXOS;BAF8364;ELLIEL MENDES MATHEUS ;13996513726;SIM;;;INATIVO;;Francisco Gobbi;INTER;PJ;IC;9 - FINALIZADO;;;;;;;;;;;;;;
RENAULT;SÃO PAULO (SP);FABIO FIGUEREDO;01/02/2026;BORUCH TRANSPORTES RODOVIARIOS LTDA;DEBORA BORUCH;41996079402;ERICOBORUCH@OUTLOOK.COM;CM 4X2;FH 400 4X2T;2007;ASS0J39;SIM;SATELITAL;TRACKER;TAC;SÍDER REBAIXADO_28P_ 3 EIXOS;AXN2B86;JOSIEL CARDOSO DOMINGUES;41985069600;NÃO;26/03/2026;04/08/2026;ATIVO;;Francisco Gobbi;SPOT;PJ;IC;9 - FINALIZADO;;;;;;;;;;;;;;
EATON;SÃO PAULO (SP);FABIO FIGUEREDO;01/02/2026;EDSON FAGUINDES DE MIRANDA;EDSON FAGUINDES DE MIRANDA;11 98051-3074;GIREH.EXPRESS2015@GMAIL.COM;CM 4X2;AXOR;2009;DVT5D56;SIM;SATELITAL;OMNILINK;CEVA;SÍDER REBAIXADO_28P_ 3 EIXOS;RETIRAR;EDSON FAGUINDES DE MIRANDA;11 98051-3074;NÃO;18/06/2026;;ATIVO;;MARCOS FREITAS;DEDICADO;PF;IC;9 - FINALIZADO;;;;;;;;;;;;;;
RENAULT;SÃO PAULO (SP);FABIO FIGUEREDO;01/02/2026;OSEIAS DE JESUS BENTO;OSEIAS DE JESUS BENTO;13996830839;ZECAMORENONEGO@HOTMAIL.COM;CM 4X2;19.330 CTC 4X2;2012;FEI3H97;SIM;SATELITAL;OMNILINK;CEVA;SÍDER REBAIXADO_28P_ 3 EIXOS;CUD5897;EVERTON LUIS DA SILVA MUNIZ;13997893982;NÃO;;24/03/2026;INATIVO;;Francisco Gobbi;INTER;PF;IC;9 - FINALIZADO;;;;;;;;;;;;;;
RENAULT;SÃO PAULO (SP);FABIO FIGUEREDO;01/02/2026;EZIQUIEL ANDREOLA 03875576950;EZIQUIEL ANDREOLA;41996556459;EZEQUIELANDREOLA@GMAIL.COM;CM 4X2;19.320 CLC TT;2011;DPE2I39;NÃO;N/A;SEM RASTREADOR;TAC;SÍDER REBAIXADO_28P_ 3 EIXOS;BAF8367;EZIQUIEL ANDREOLA ;41996556459;NÃO;;;INATIVO;;Francisco Gobbi;INTER;PJ;IC;9 - FINALIZADO;;;;;;;;;;;;;;
RENAULT;SÃO PAULO (SP);FABIO FIGUEREDO;01/02/2026;FELIPE PEREIRA DA COSTA;FELIPE PEREIRA DA COSTA;41997068663;FELIPE21COSTA@GMAIL.COM;CM 4X2;G 420 A4X2;2008;CPI2E42;SIM;SATELITAL;OMNILINK;CEVA;SÍDER REBAIXADO_28P_ 3 EIXOS;TJY2I85;FELIPE PEREIRA DA COSTA;41997068663;SIM;;02/09/2026;INATIVO;;Francisco Gobbi;INTER;PF;IC;9 - FINALIZADO;;;;;;;;;;;;;;
RENAULT;PARANÁ (PR);FABIO FIGUEIREDO;01/02/2026;GABRIEL NELSON RUBIK;GABRIEL NELSON RUBIK;41998148819;LUCASXRUBIK@GMAIL.COM;TRUCK (6X2);VM 260 6X2R;2010;ATV5H53;SIM;SATELITAL;OMNILINK;N/A;SÍDER;N/A;LUCAS RUBIK;41999574342;NÃO;27/03/2026;;ATIVO;;Francisco Silva;SPOT;PF;IC;9 - FINALIZADO;;;;;;;;;;;;;;
RENAULT;SÃO PAULO (SP);FABIO FIGUEREDO;01/02/2026;LUCAS SEMEAO TEIXEIRA;LUCAS SEMEAO TEIXEIRA;11947892116;SEMEAOTEIXEIRA@GMAIL.COM;CM 4X2;19.330 CTC 4X2;2013;FST1A08;NÃO;N/A;SEM RASTREADOR;TAC;SÍDER RETO_28P_ 3 EIXOS;BWY5G82;LUCAS SEMEAO TEIXEIRA;11947892116;NÃO;;;ATIVO;;Francisco Gobbi;SPOT;PF;IC;9 - FINALIZADO;;;;;;;;;;;;;;
RENAULT;SÃO PAULO (SP);FABIO FIGUEREDO;01/02/2026;MARCIEL DA SILVA SANTOS 35895072844;MARCIEL DA SILVA SANTOS;13982091777;MARCIELMARRONE04@GMAIL.COM;CM 4X2;IVECOCURSOR 450E32T;2008;MIB4D24;NÃO;N/A;SEM RASTREADOR;CEVA;SÍDER REBAIXADO_28P_ 3 EIXOS;ALR3E62;FRANCYS SABINO MACIEL ;13997461851;NÃO;;;INATIVO;;Francisco Gobbi;INTER;PJ;IC;9 - FINALIZADO;;;;;;;;;;;;;;
RENAULT;SÃO PAULO (SP);FABIO FIGUEREDO;01/02/2026;L C DA SILVA TRANSPORTES - ME;ALEXANDRE DE LIMA SILVA;11947898778;DE_LIMA02@HOTMAIL.COM;CM 4X2;19.390 CTC 4X2;2013;IUI0829;SIM;SATELITAL;POSITRON;CEVA;SÍDER REBAIXADO_28P_ 3 EIXOS;APQ5H16;GEOVANE OTAVIO DA SILVA ;11978872513;NÃO;;;INATIVO;;Francisco Gobbi;INTER;PJ;IC;9 - FINALIZADO;;;;;;;;;;;;;;
RENAULT;SÃO PAULO (SP);FABIO FIGUEREDO;01/02/2026;L C DA SILVA TRANSPORTES - ME;ALEXANDRE DE LIMA SILVA;11947898778;DE_LIMA02@HOTMAIL.COM;CM 4X2;19.390 CTC 4X2;2013;IUI0829;SIM;SATELITAL;POSITRON;CEVA;SÍDER REBAIXADO_28P_ 3 EIXOS;APQ5H16;GILDASIO PACHECO RIBEIRO ;11966525870;NÃO;;;INATIVO;;Francisco Gobbi;INTER;PJ;IC;9 - FINALIZADO;;;;;;;;;;;;;;
RENAULT;SÃO PAULO (SP);FABIO FIGUEREDO;01/02/2026;TRANS BLASQUE TRANSPORTE LTDA;MARIO BLASQUE MATHEUS FILHO;19996117054;TRANSBLASQUE@GMAIL.COM;CM 4X2;P 340 A4X2;2011;EJY0651;SIM;SATELITAL;OMNILINK;CEVA;SÍDER REBAIXADO_28P_ 3 EIXOS;RETIRAR;LUIS FERNANDO MUGNARO ;19978295475;NÃO;;16/01/2026;INATIVO;;Francisco Gobbi;DEDICADO;PJ;IC;9 - FINALIZADO;;;;;;;;;;;;;;
RENAULT;SÃO PAULO (SP);FABIO FIGUEREDO;01/02/2026;TRANSPORTADORA SIDER LIMEIRA LTDA;JULIO MARQUES;19971442122;CONTATO@TRANSPORTADORASIDER.COM.BR;CM 6X2;FH 460 6X2T;2003;FLJ1H51;SIM;SATELITAL;SASCAR;CEVA;SÍDER REBAIXADO_28P_ 3 EIXOS;AJT4678;GILVAN RODRIGUES DE OLIVEIRA;14997403165;SIM;26/05/2026;;INATIVO;;Francisco Silva;INTER;PJ;IC / ETC;9 - FINALIZADO;;;;;;;;;;;;;;
RENAULT;SÃO PAULO (SP);FABIO FIGUEREDO;01/02/2026;GIOVANO MATOS DA SILVA;GIOVANO MATOS DA SILVA;41999905046;GIOVANO_MATOS1213@HOTMAIL.COM;CM 4X2;19.330 CTC 4X2;2012;AXB1D20;SIM;SATELITAL;OMNILINK;CEVA;SÍDER REBAIXADO_28P_ 3 EIXOS;BAF8370;GIOVANO MATOS DA SILVA;41999905046;NÃO;19/03/2026;06/04/2026;INATIVO;;Francisco Gobbi;INTER;PF;IC;9 - FINALIZADO;;;;;;;;;;;;;;
RENAULT;SÃO PAULO (SP);FABIO FIGUEREDO;01/02/2026;MARCIEL DA SILVA SANTOS 35895072844;MARCIEL DA SILVA SANTOS;13982091777;MARCIELMARRONE04@GMAIL.COM;CM 4X2;FH 440 4X2T;2011;EPU6B28;NÃO;N/A;SEM RASTREADOR;CEVA;SÍDER REBAIXADO_28P_ 3 EIXOS;CUD6012;GUILHERME ANTONIO LOPES ;41995039001;NÃO;;;INATIVO;;Francisco Gobbi;INTER;PJ;IC;9 - FINALIZADO;;;;;;;;;;;;;;
RENAULT;SÃO PAULO (SP);FABIO FIGUEREDO;01/02/2026;GUSTAVO BEZERRA DE ALMEIDA;GUSTAVO BEZERRA DE ALMEIDA;13997214832;GUSTAVOBEZERRADEALMEIDA@GMAIL.COM;CM 4X2;19.320 CLC TT;2007;JNY0C80;SIM;SATELITAL;OMNILINK;CEVA;SÍDER REBAIXADO_28P_ 3 EIXOS;ALR3E62;GUSTAVO BEZERRA DE ALMEIDA;13997214832;SIM;;;INATIVO;;Francisco Gobbi;INTER;PF;IC;9 - FINALIZADO;;;;;;;;;;;;;;
RENAULT;SÃO PAULO (SP);FABIO FIGUEREDO;01/02/2026;JEFFERSON ADRIEL ROLIM BARBOSA;JEFFERSON ADRIEL ROLIM BARBOSA;13974211782;JADRIELTRANSPORTES@OUTLOOK.COM;CM 4X2;PRANCHA 4E;2008;KPV0E64;NÃO;N/A;SEM RASTREADOR;CEVA;SÍDER REBAIXADO_28P_ 2 EIXOS;CUD6026;ISAIAS DOS ANJOS GOMES ;13982082175;NÃO;;;INATIVO;;Francisco Gobbi;INTER;PF;IC;9 - FINALIZADO;;;;;;;;;;;;;;
RENAULT;SÃO PAULO (SP);FABIO FIGUEREDO;01/02/2026;MARCELO PINHEIRO DELLAMURA;MARCELO PINHEIRO DELLAMURA;11978086760;MARCELODELLAMURA@HOTMAIL.COM;TRUCK (6X2);TECTOR 240E28;2013;OQN7J60;NÃO;N/A;SEM RASTREADOR;N/A;SÍDER;N/A;MARCELO PINHEIRO DELLAMURA;11978086760;NÃO;;16/02/2026;ATIVO;;Francisco Gobbi;DEDICADO;PF;IC;9 - FINALIZADO;;;;;;;;;;;;;;
RENAULT;SANTA CATARINA (SC);FABIO FIGUEIREDO;01/02/2026;ELAINE APARECIDO FARIAS;ELAINE APARECIDO FARIAS;41998102684;MSOMBRIO@HOTMAIL.COM;CM 4X2;STRALIHD 450S38TN1;2005;MFV4C71;SIM;SATELITAL;ONIXSAT;CEVA;SÍDER REBAIXADO_28P_ 3 EIXOS;RETIRAR;MARCIO FERNANDO SOMBRIO;41999708426;SIM;18/03/2026;;INATIVO;;Francisco Gobbi;SPOT;PF;IC;9 - FINALIZADO;;;;;;;;;;;;;;
EATON;SÃO PAULO (SP);FABIO FIGUEREDO;01/02/2026;MARCOS ROBERTO DE FREITAS;MARCOS ROBERTO DE FREITAS; 11 94128-1130;MARCOSRFREITAS11@GMAIL.COM;CM 4X2;AXOR;2008;DVS9H11;SIM;SATELITAL;OMNILINK;CEVA;BAÚ;TKR9B83;MARCOS ROBERTO DE FREITAS; 11 94128-1130;NÃO;18/06/2026;24/06/2026;ATIVO;;MARCOS FREITAS;DEDICADO;PF;IC;9 - FINALIZADO;;;;;;;;;;;;;;
RENAULT;SÃO PAULO (SP);FABIO FIGUEREDO;01/02/2026;EDUARDO ORLANDI ROMERO;EDUARDO ORLANDI ROMERO;17614385810;EDUARDO.ORLANDI@YAHOO.COM.BR;CM 4X2;PRANCHA 4E;2008;END2B13;NÃO;N/A;SEM RASTREADOR;TAC;SÍDER REBAIXADO_28P_ 3 EIXOS;BUP2F63;JAIME FERREIRA PACHECO ;11952928299;NÃO;;;INATIVO;;Francisco Gobbi;INTER;PF;IC;9 - FINALIZADO;;;;;;;;;;;;;;
RENAULT;SÃO PAULO (SP);FABIO FIGUEREDO;01/02/2026;MAR E SOL TRANSPORTE LOGISTICA LTDA;MARCONE REGISON ARAUJO DA SILVA;11940287962;MARCONE.REGISON@TERRA.COM.BR;CM 4X2;19.330 CTC 4X2;2012;ESU7E42;NÃO;N/A;SEM RASTREADOR;TAC;SÍDER RETO_28P_ 3 EIXOS;HGJ3A38;MARCONE REGISON ARAUJO DA SILVA;11940287962;NÃO;;;ATIVO;;Francisco Gobbi;SPOT;PJ;IC;9 - FINALIZADO;;;;;;;;;;;;;;
RENAULT;SÃO PAULO (SP);FABIO FIGUEREDO;01/02/2026;WEVERTON HENRIQUE DA CONCEICAO TRIGO;WEVERTON HENRIQUE DA CONCEICAO TRIGO;13 99601-6457;WEVERTONHENRIQUE1107@GMAIL.COM;CM 4X2;19.380 CTC 4X2;2012;AZZ7I96;SIM;N/A;N/A;CEVA;SÍDER REBAIXADO_28P_ 3 EIXOS;AAK2831;FABIO AGUIAR DOS REIS ;13 99664-3382;NÃO;18/06/2026;22/06/2026;ATIVO;;MARCOS FREITAS;INTER;PF;IC;9 - FINALIZADO;;;;;;;;;;;;;;
RENAULT;SÃO PAULO (SP);FABIO FIGUEREDO;01/02/2026;MARIA LUCIA ALVES DOS SANTOS;EDICARLOS DE OLIVEIRA SANTOS;11940026841;LUCIAALVES98@HOTMAIL.COM;CM 4X2;AXOR 2035 S;2006;DPC4990;NÃO;N/A;SEM RASTREADOR;TAC;SÍDER RETO_28P_ 3 EIXOS;DPC5B07;MARIANO LOPES DA SILVA;11978887736;SIM;;;ATIVO;;Francisco Gobbi;SPOT;PF;IC;9 - FINALIZADO;;;;;;;;;;;;;;
RENAULT;SÃO PAULO (SP);FABIO FIGUEREDO;01/02/2026;MAURICIO PEDROSO DA SILVA;HUMBERTO WOLPERT;13981123076;MAURICIO1406SILVA@GMAIL.COM;CM 4X2;CARGO 1933 TL;2013;FZO7A10;SIM;SATELITAL;OMNILINK;CEVA;SÍDER RETO_28P_ 3 EIXOS;QTK3228;JAISON MARCOS MUNIZ DE CASTRO ;13997507402;NÃO;;;INATIVO;;Francisco Gobbi;INTER;PF;IC;9 - FINALIZADO;;;;;;;;;;;;;;
RENAULT;SÃO PAULO (SP);FABIO FIGUEREDO;01/02/2026;JP ROTA TRANSPORTES LTDA;JESAEL ANDRADE PIRES;41992237301;JESAELPIRES@GMAIL.COM;CM 4X2;EUROTECH 450E37TN1;2005;MFA7J02;SIM;N/A;SASCAR;CEVA;SÍDER REBAIXADO_28P_ 3 EIXOS;AOS4I86;JESAEL ANDRADE PIRES;41992237301;NÃO;;02/04/2026;INATIVO;;Francisco Gobbi;INTER;PJ;IC;9 - FINALIZADO;;;;;;;;;;;;;;
RENAULT;SÃO PAULO (SP);FABIO FIGUEREDO;01/02/2026;L C DA SILVA TRANSPORTES - ME;ALEXANDRE DE LIMA SILVA;11947898778;DE_LIMA02@HOTMAIL.COM;CM 4X2;19.390 CTC 4X2;2013;IUI0829;SIM;SATELITAL;POSITRON;CEVA;SÍDER REBAIXADO_28P_ 3 EIXOS;CUD6009;JOAO AFONSO FERNANDES;11949502077;NÃO;07/05/2026;;INATIVO;;Francisco Silva;INTER;PJ;IC;9 - FINALIZADO;;;;;;;;;;;;;;
RENAULT;SÃO PAULO (SP);FABIO FIGUEREDO;01/02/2026;HELIO SANDRO VILARIM;HELIO SANDRO VILARIM;19995956900;TICCOTKA@GMAIL.COM;CM 4X2;19.320 CLC TT;2010;DAJ9I92;NÃO;N/A;SEM RASTREADOR;CEVA;SÍDER REBAIXADO_28P_ 3 EIXOS;BAF8367;JOAO VITOR PEREIRA DA SILVA;13997407195;SIM;;29/05/2026;INATIVO;;MARCOS FREITAS;INTER;PF;IC;9 - FINALIZADO;;;;;;;;;;;;;;
RENAULT;RIO GRANDE DO SUL (RS);FABIO FIGUEIREDO;01/02/2026;JOCIMAR DUTRA;JOCIMAR DUTRA;41995717765;JOCIMARDUTRA98@GMAIL.COM;CM 6X2;25.390 CTC 6X2;2013;BCO0D90;NÃO;N/A;SEM RASTREADOR;CEVA;SÍDER REBAIXADO_28P_ 3 EIXOS;RHK1A83;JOCIMAR DUTRA;41995717765;SIM;16/03/2026;;INATIVO;;Francisco Gobbi;INTER;PF;IC;9 - FINALIZADO;;;;;;;;;;;;;;
RENAULT;SÃO PAULO (SP);FABIO FIGUEREDO;01/02/2026;RENAN TOLEDO COSTA;RENAN TOLEDO COSTA;13997367849;RENANELETRICA@OUTLOOK.COM;CM 6X2;G 420 A6X2;2010;CNR7J54;NÃO;N/A;SEM RASTREADOR;CEVA;SÍDER REBAIXADO_28P_ 3 EIXOS;CUD6078;JOENIZ FERMINO DE OLIVEIRA ;13997605295;NÃO;06/04/2026;04/06/2026;INATIVO;;Francisco Gobbi;INTER;PJ;IC;9 - FINALIZADO;;;;;;;;;;;;;;
RENAULT;SÃO PAULO (SP);FABIO FIGUEREDO;01/02/2026;MARINILZA DE LIMA SILVA;MARINILZA DE LIMA SILVA;41 9746-4978;MARODESIGNER90@GMAIL.COM;CM 4X2;19.380 CTC 4X2;2011;ATD0I69;SIM;SATELITAL;ONIXSAT;CEVA;SÍDER REBAIXADO_28P_ 3 EIXOS;RETIRAR;OSNI JOSE LEITE;41 9746-4978;NÃO;18/06/2026;;INATIVO;;MARCOS FREITAS;INTER;PF;IC;9 - FINALIZADO;;;;;;;;;;;;;;
RENAULT;SÃO PAULO (SP);FABIO FIGUEREDO;01/02/2026;MARIA ZILMA DE BARROS MENDES - TRANSPORTES;MARIA ZILMA DE BARROS MENDES;;RENATOMENDES.PORTALTRUCK@GMAIL.COM;CM 4X2;R 470 A4X2;2009;HIJ7A67;SIM;SATELITAL;ONIXSAT;CEVA;SÍDER REBAIXADO_28P_ 3 EIXOS;CUD6088;JOSE RENATO MENDES ;35999329719;NÃO;;;INATIVO;;Francisco Gobbi;INTER;PJ;IC;9 - FINALIZADO;;;;;;;;;;;;;;
RENAULT;SÃO PAULO (SP);FABIO FIGUEREDO;01/02/2026;NELSON TAKANORI HIROTA 06928053895;NELSON TAKANORI HIROTA;11973580986;HIROTA.TRANSPORTES@GMAIL.COM;CM 4X2;19.320 CLC TT;2008;DPF9I57;NÃO;N/A;SEM RASTREADOR;CEVA;SÍDER REBAIXADO_28P_ 3 EIXOS;CUD6014;NELSON TAKANORI HIROTA ;11973580986;NÃO;;;INATIVO;;Francisco Gobbi;DDA;PJ;IC;9 - FINALIZADO;;;;;;;;;;;;;;
RENAULT;SÃO PAULO (SP);FABIO FIGUEREDO;01/02/2026;JOSINALDO EDIVANDO DA SILVA;JOSINALDO EDIVANDRO DA SILVA;13981392356;JOSINALDOEDVANDO@GMAIL.COM;CM 4X2;XF105 FTS 460A;2018;GEK4D69;NÃO;N/A;SEM RASTREADOR;CEVA;SÍDER REBAIXADO_28P_ 2 EIXOS;AKU2F22;JOSINALDO EDIVANDO DA SILVA;13981392356;SIM;;02/05/2026;INATIVO;;Francisco Gobbi;INTER;PF;IC;9 - FINALIZADO;;;;;;;;;;;;;;
RENAULT;SÃO PAULO (SP);FABIO FIGUEREDO;01/02/2026;RADIX PLANEJ E PREST DE SERV TECNICO ADM;JOAO ALVES;11940015334;TRANS.SIDRIM@HOTMAIL.COM;TRUCK (6X2);TECTOR 240E25;2011;EJV7D98;SIM;SATELITAL;OMNILINK;N/A;SÍDER;N/A;NICOLAU BARBOSA DE JESUS ;11982809301;NÃO;;;ATIVO;;Francisco Gobbi;DEDICADO;PJ;IC;9 - FINALIZADO;;;;;;;;;;;;;;
RENAULT;SÃO PAULO (SP);FABIO FIGUEREDO;01/02/2026;ELITY - ALTA SOCIEDADE DE TRANSPORTE DE CARGAS LTDA;AQUIRA ANTONIO DE OLIVEIRA;19982750431;AQUIRAOLIVEIRA@YAHOO.COM.BR;CM 4X2;AXOR 1933 S;2010;EJY4A27;SIM;SATELITAL;OMNILINK;CEVA;SÍDER REBAIXADO_28P_ 3 EIXOS;RETIRAR;NILSON MARIA NEGRAO;19 99757-2096;NÃO;09/06/2026;12/06/2026;INATIVO;;Francisco Silva;SPOT;PJ;IC;9 - FINALIZADO;;;;;;;;;;;;;;
RENAULT;SÃO PAULO (SP);FABIO FIGUEREDO;01/02/2026;JUCILEY LOPES;JUCILEY LOPES;41991347800;JUCILEYLOPES15@GMAIL.COM;CM 4X2;AXOR 2540 S;2008;MEY1185;SIM;SATELITAL;OMNILINK;CEVA;SÍDER REBAIXADO_28P_ 3 EIXOS;AAK2J75;JUCILEY LOPES ;41991347800;NÃO;;;INATIVO;;Francisco Gobbi;INTER;PF;IC;9 - FINALIZADO;;;;;;;;;;;;;;
RENAULT;SÃO PAULO (SP);FABIO FIGUEREDO;01/02/2026;TRANSPORTADORA SIDER LIMEIRA LTDA;FELIPE MARQUES;19971003756;CONTATO@TRANSPORTADORASIDER.COM.BR;CM 6X2;FH 460 6X2T;2022;FWA6E86;SIM;SATELITAL;SASCAR;CEVA;SÍDER REBAIXADO_28P_ 3 EIXOS;RETIRAR;KENNEDY JULIAN DOS SANTOS SILVA ;12997773108;SIM;09/04/2026;;INATIVO;;Francisco Silva;INTER;PJ;IC / ETC;9 - FINALIZADO;;;;;;;;;;;;;;
RENAULT;SÃO PAULO (SP);FABIO FIGUEREDO;01/02/2026;D.G. TRANSPORTES LTDA;ALEXANDRE DE LIMA SILVA;11947898778;DKTRANSPORTES8@GMAIL.COM;CM 4X2;19.390 CTC 4X2;2013;IUI0829;SIM;SATELITAL;POSITRON;CEVA;SÍDER REBAIXADO_28P_ 3 EIXOS;APQ5H16;KLEBER CARNEIRO DE SOUZA ;11960673857;NÃO;;;INATIVO;;Francisco Gobbi;INTER;PJ;IC;9 - FINALIZADO;;;;;;;;;;;;;;
RENAULT;SÃO PAULO (SP);FABIO FIGUEREDO;01/02/2026;LIMIT LOG TRANSPORTE RODOVIARIO DE CARGAS EIRELI;VLADIMIR TADEU JOAO PAULO JUNIOR;11947786764;VLADIMIR.JRTADEU@GMAIL.COM;CM 6X2;G 420 A6X2;2010;NVU5E28;SIM;SATELITAL;OMNILINK;CEVA;SÍDER REBAIXADO_28P_ 3 EIXOS;CLU0866;OTONIEL NUNES DA SILVA;11919394806;NÃO;;;INATIVO;;Francisco Gobbi;DDA;PJ;IC;9 - FINALIZADO;;;;;;;;;;;;;;
RENAULT;SÃO PAULO (SP);FABIO FIGUEREDO;01/02/2026;MAURICIO PEDROSO DA SILVA;MAURICIO PEDROSO DA SILVA;13997708791;MAURICIO1406SILVA@GMAIL.COM;CM 4X2;CARGO 1933 TL;2013;FZO7A10;SIM;SATELITAL;OMNILINK;CEVA;SÍDER REBAIXADO_28P_ 3 EIXOS;FOU9G72;LEVI CARDOSO FERREIRA ;48697838860;NÃO;;;INATIVO;;Francisco Gobbi;INTER;PF;IC;9 - FINALIZADO;;;;;;;;;;;;;;
RENAULT;SÃO PAULO (SP);FABIO FIGUEREDO;01/02/2026;G.LIMA DA SILVA TRANSPORTES;GILSON LIMA DA SILVA;41996182458;DE_LIMA02@HOTMAIL.COM;CM 6X2;25.420 CTC 6X2;2018;FXF3H61;NÃO;N/A;SEM RASTREADOR;CEVA;SÍDER REBAIXADO_28P_ 3 EIXOS;DTB0G68;LUCIANO DANIEL BERTICE DAS NEVES ;41998059130;NÃO;;;INATIVO;;Francisco Gobbi;INTER;PJ;IC;9 - FINALIZADO;;;;;;;;;;;;;;
RENAULT;SÃO PAULO (SP);FABIO FIGUEREDO;01/02/2026;MAGNO VIEIRA;MAGNO VIEIRA;11943723138;VIEIRAMAGNO@YAHOO.COM.BR;CM 4X2;25.420 CTC 6X2;2014;FQA9E15;SIM;SATELITAL;OMNILINK;CEVA;MEGA SÍDER_28P_ 3 EIXOS;RHK1A78;MAGNO VIEIRA ;11943723138;NÃO;;;INATIVO;;Francisco Gobbi;INTER;PF;IC;9 - FINALIZADO;;;;;;;;;;;;;;
VW;SÃO PAULO (SP);FABIO FIGUEREDO;01/02/2026;R V BARBOSA TRANSPORTES LTDA;ROGERIO BARBOSA;11 99477-9422;ROGERIOVITORBARBOSA@GMAIL.COM;TRUCK (6X2);L 1620;2004;EFO9A54;SIM;SATELITAL;SASCAR;N/A;BAÚ;TKJ4H92;JOSE DANIEL DE ARRUDA;81 9264-9989;NÃO;18/06/2026;18/06/2026;ATIVO;;MARCOS FREITAS;DEDICADO;PJ;IC;9 - FINALIZADO;;;;;;;;;;;;;;
RENAULT;SÃO PAULO (SP);FABIO FIGUEREDO;01/02/2026;L C DA SILVA TRANSPORTES - ME;ALEXANDRE DE LIMA SILVA;11947898778;DE_LIMA02@HOTMAIL.COM;CM 4X2;19.390 CTC 4X2;2013;IUI0829;SIM;SATELITAL;POSITRON;CEVA;SÍDER REBAIXADO_28P_ 3 EIXOS;CUD6009;MARCELO GONCALVES PEREIRA;11949502077;NÃO;;24/02/2025;INATIVO;;Francisco Gobbi;INTER;PJ;IC;9 - FINALIZADO;;;;;;;;;;;;;;
RENAULT;SÃO PAULO (SP);FABIO FIGUEREDO;01/02/2026;RBK TRANSPORTES LTDA;RAMON CARLOS KNAPIK ;41996951944;RAMON.KNAPIK@GMAIL.COM;CM 4X2;IVECOFIAT E 450E37T;2004;ALU3J81;NÃO;N/A;SEM RASTREADOR;CEVA;SÍDER REBAIXADO_28P_ 3 EIXOS;RETIRAR;RAMON CARLOS KNAPIK ;41996951944;NÃO;;;INATIVO;;Francisco Gobbi;SPOT;PJ;IC;9 - FINALIZADO;;;;;;;;;;;;;;
RENAULT;SÃO PAULO (SP);FABIO FIGUEREDO;01/02/2026;EDCLEI WELLINGTON DA SILVA SANTOS;EDCLEI WELLINGTON DA SILVA SANTOS;;EDCLEII@GMAIL.COM;CM 4X2;AXOR 2041 S;2012;FFN1B31;NÃO;N/A;SEM RASTREADOR;TAC;SÍDER REBAIXADO_28P_ 3 EIXOS;AOL0E52;MARCELO PIVA ;12992501244;NÃO;;17/09/2024;INATIVO;;Francisco Gobbi;INTER;PJ;IC;9 - FINALIZADO;;;;;;;;;;;;;;
RENAULT;SÃO PAULO (SP);FABIO FIGUEREDO;01/02/2026;JOSE ROBERTO DE SOUZA PUPO;JOSE ROBERTO DE SOUZA PUPO;1196420-8435;BETOPUPO30@GMAIL.COM;TRUCK (6X2);23.210 MWM;2004;CLH3H88;SIM;SATELITAL;SASCAR;N/A;SÍDER;N/A;RAMON RODRIGUES BARBOSA;11 95838-5943;NÃO;02/06/2026;03/06/2026;ATIVO;;MARCOS FREITAS;DEDICADO;PF;IC;9 - FINALIZADO;;;;;;;;;;;;;;
RENAULT;SÃO PAULO (SP);FABIO FIGUEREDO;01/02/2026;MARIO SERGIO SANTOS;MARIO SERGIO SANTOS;41995499403;MARIOSERGIO240772@GMAIL.COM;CM 4X2;FH12 380 4X2 T;2000;MAY8D74;NÃO;N/A;SEM RASTREADOR;CEVA;SÍDER REBAIXADO_28P_ 3 EIXOS;RETIRAR;MARIO SERGIO SANTOS ;41995499403;NÃO;;;INATIVO;;Francisco Gobbi;INTER;PF;IC;9 - FINALIZADO;;;;;;;;;;;;;;
RENAULT;SÃO PAULO (SP);FABIO FIGUEREDO;01/02/2026;JOSE HENRIQUE DA SILVA ;JOSE HENRIQUE DA SILVA ;;;CM 4X2;STRALIHD 570S42TN1;2008;CSK6765;NÃO;N/A;SEM RASTREADOR;CEVA;MEGA SÍDER_28P_ 3 EIXOS;QJG9354;MATHEUS MEIRA ;13997205409;NÃO;;24/01/2026;INATIVO;;Francisco Gobbi;INTER;PF;IC;9 - FINALIZADO;;;;;;;;;;;;;;
RENAULT;SÃO PAULO (SP);FABIO FIGUEREDO;01/02/2026;MAURICIO PEDROSO DA SILVA;HUMBERTO WOLPERT;13981123076;MAURICIO1406SILVA@GMAIL.COM;CM 4X2;CARGO 1933 TL;2013;FZO7A10;SIM;SATELITAL;OMNILINK;CEVA;SÍDER REBAIXADO_28P_ 3 EIXOS;CUD5897;MAURICIO PEDROSO DA SILVA;13996180449;NÃO;;;INATIVO;;Francisco Gobbi;INTER;PF;IC;9 - FINALIZADO;;;;;;;;;;;;;;
RENAULT;SÃO PAULO (SP);FABIO FIGUEREDO;01/02/2026;MAURICIO PEDROSO DA SILVA;MAURICIO PEDROSO DA SILVA;13997708791;MAURICIO1406SILVA@GMAIL.COM;CM 4X2;CARGO 1933 TL;2013;FZO7A10;SIM;SATELITAL;OMNILINK;CEVA;SÍDER REBAIXADO_28P_ 3 EIXOS;FOU9G72;MAXIMILIANO MOREIRA DA SILVA;13997257312;NÃO;01/04/2026;;INATIVO;;Francisco Gobbi;INTER;PF;IC;9 - FINALIZADO;;;;;;;;;;;;;;
RENAULT;SÃO PAULO (SP);FABIO FIGUEREDO;01/02/2026;TRANSPORTADORA SIDER LIMEIRA LTDA;FELIPE MARQUES;19971003756;CONTATO@TRANSPORTADORASIDER.COM.BR;CM 6X2;FH 460 6X2T;2022;FYR9J56;SIM;SATELITAL;SASCAR;CEVA;SÍDER REBAIXADO_28P_ 3 EIXOS;ALU2134;MICHAEL MILTON MARCELINO;19996069806;NÃO;09/04/2026;;INATIVO;;Francisco Silva;INTER;PJ;IC / ETC;9 - FINALIZADO;;;;;;;;;;;;;;
RENAULT;SÃO PAULO (SP);FABIO FIGUEREDO;01/02/2026;OSEIAS DE JESUS BENTO;OSEIAS DE JESUS BENTO;13996830839;ZECAMORENONEGO@HOTMAIL.COM;CM 4X2;19.330 CTC 4X2;2012;FEI3H97;SIM;SATELITAL;OMNILINK;CEVA;SÍDER REBAIXADO_28P_ 3 EIXOS;CUD5897;OSEIAS DE JESUS BENTO ;13996830839;NÃO;;;INATIVO;;Francisco Gobbi;INTER;PF;IC;9 - FINALIZADO;;;;;;;;;;;;;;
VW;SÃO PAULO (SP);FABIO FIGUEREDO;01/02/2026;R V BARBOSA TRANSPORTES LTDA;ROGERIO BARBOSA;11 99477-9422;ROGERIOVITORBARBOSA@GMAIL.COM;TRUCK (6X2);L 1620;2004;FEK8J46;SIM;SATELITAL;SASCAR;N/A;BAÚ;TKN4J33;GILMAR LEMES DA ROSA; 11 94375-0482;NÃO;18/06/2026;18/06/2026;ATIVO;;MARCOS FREITAS;DEDICADO;PJ;IC;9 - FINALIZADO;;;;;;;;;;;;;;
RENAULT;SÃO PAULO (SP);FABIO FIGUEREDO;01/02/2026;VINICIUS PRIMO VASCONCELOS;VINICIUS PRIMO VASCONCELOS;11983574790;VINICIUSPRIMOVASCONCELOS@GMAIL.COM;CM 4X2;AXOR 2041 S;2013;OVA9I27;SIM;SATELITAL;SASCAR;CEVA;SÍDER REBAIXADO_28P_ 3 EIXOS;RETIRAR;PAULO HENRIQUE MADRUGA MENESES ;11921514346;NÃO;07/04/2026;04/09/2026;INATIVO;;MARCOS FREITAS;INTER;PF;IC;9 - FINALIZADO;;;;;;;;;;;;;;
RENAULT;SÃO PAULO (SP);FABIO FIGUEIREDO;01/02/2026;HUMBERTO ROSA ALMEIDA;HUMBERTO ROSA ALMEIDA;13 99725-2381;HUMBERTOALMEIDA94@OUTLOOK.COM;CM 4X2;19.390 CTC 4X2;2013;FEI4A31;SIM;SATELITAL;OMNILINK;CEVA;SÍDER REBAIXADO_28P_ 3 EIXOS;BAF8370;OSWALDO DE OLIVEIRA JUNIOR;13 99725-2381;NÃO;19/05/2026;28/05/2026;ATIVO;;MARCOS FREITAS;INTER;PJ;IC;9 - FINALIZADO;;;;;;;;;;;;;;
RENAULT;SÃO PAULO (SP);FABIO FIGUEREDO;01/02/2026;AMELI TRANSPORTES LTDA;ANDERSON CAVALCANTE PINHEIRO;11947254811;TRBRUTUS77@GMAIL.COM;CM 4X2;FH 440 4X2T;2010;ERK0D74;NÃO;N/A;SEM RASTREADOR;CEVA;SÍDER REBAIXADO_28P_ 3 EIXOS;AOS4530;PETERSON RODY LOPES DE SOUZA ;12982953977;SIM;;;INATIVO;;Francisco Gobbi;INTER;PJ;IC;9 - FINALIZADO;;;;;;;;;;;;;;
RENAULT;SÃO PAULO (SP);FABIO FIGUEREDO;01/02/2026;RAFAEL DE TORRES SILVA;RAFAEL DE TORRES SILVA;13999652906;RAFAELTORRES1050@GMAIL.COM;CM 4X2;CURSOR 450E33T;2011;AUQ6C37;NÃO;N/A;SEM RASTREADOR;CEVA;SÍDER REBAIXADO_28P_ 3 EIXOS;DTB0G68;RAFAEL DE TORRES SILVA ;13999652906;NÃO;;;INATIVO;;Francisco Gobbi;INTER;PF;IC;9 - FINALIZADO;;;;;;;;;;;;;;
RENAULT;SÃO PAULO (SP);FABIO FIGUEREDO;01/02/2026;ROGERIO ALVES DE OLIVEIRA;ROGERIO ALVES DE OLIVEIRA;11988111798;ROGERIOTUBARAO38@GMAIL.COM;TOCO (4X2);L 1113;1973;BWL4G09;NÃO;N/A;SEM RASTREADOR;N/A;BAÚ;N/A;ROGERIO ALVES DE OLIVEIRA ;11988111798;NÃO;;;INATIVO;;Francisco Gobbi;DDA;PF;IC;9 - FINALIZADO;;;;;;;;;;;;;;
RENAULT;MINAS GERAIS (MG);FABIO FIGUEIREDO;01/02/2026;AMELI TRANSPORTES LTDA;ANDERSON CAVALVANTE PINHEIRO;11947254811;TRBRUTUS77@GMAIL.COM;CM 4X2;AXOR 2041 LS;2015;FHV6F79;NÃO;N/A;SEM RASTREADOR;CEVA;SÍDER REBAIXADO_28P_ 3 EIXOS;AOS4530;RENATO FRANCO OLIVEIRA;11915108930;NÃO;02/04/2026;;INATIVO;;Francisco Gobbi;INTER;PJ;IC;9 - FINALIZADO;;;;;;;;;;;;;;
RENAULT;SÃO PAULO (SP);FABIO FIGUEREDO;01/02/2026;55.704.644 RENATO JOSE CARDOSO;RENATO JOSE CARDOSO;13981354708;RENATOMARRETACARDOSO@GMAIL.COM;CM 4X2;CARGO 4432 E;2006;DPC9C95;SIM;SATELITAL;OMNILINK;CEVA;SÍDER REBAIXADO_28P_ 3 EIXOS;AVT6081;RENATO JOSE CARDOSO ;13981354708;NÃO;;;INATIVO;;Francisco Gobbi;INTER;PJ;IC;9 - FINALIZADO;;;;;;;;;;;;;;
RENAULT;SÃO PAULO (SP);FABIO FIGUEREDO;01/02/2026;RAFAEL DE TORRES SILVA;RAFAEL DE TORRES SILVA;13999652906;RAFAELTORRES1050@GMAIL.COM;CM 4X2;CURSOR 450E33T;2011;AUQ6C37;NÃO;N/A;SEM RASTREADOR;CEVA;SÍDER REBAIXADO_28P_ 3 EIXOS;STO8C43;RENATO PONTES ;13996529069;NÃO;;;INATIVO;;Francisco Gobbi;INTER;PF;IC;9 - FINALIZADO;;;;;;;;;;;;;;
RENAULT;SÃO PAULO (SP);FABIO FIGUEREDO;01/02/2026;MARCIEL DA SILVA SANTOS 35895072844;MARCIEL DA SILVA SANTOS;13982091777;MARCIELMARRONE04@GMAIL.COM;CM 4X2;19.390 CTC 4X2;2012;OLO6G09;NÃO;N/A;SEM RASTREADOR;CEVA;SÍDER REBAIXADO_28P_ 3 EIXOS;AJN4H23;ROBERTO ARAUJO ALVES DOS SANTOS;13996048211;NÃO;;09/02/2026;INATIVO;;Francisco Gobbi;INTER;PJ;IC;9 - FINALIZADO;;;;;;;;;;;;;;
RENAULT;SÃO PAULO (SP);FABIO FIGUEREDO;01/02/2026;EDUARDO ORLANDI ROMERO;EDUARDO ORLANDI ROMERO;17614385810;EDUARDO.ORLANDI@YAHOO.COM.BR;CM 4X2;P 340 A4X2;2010;MJT2929;SIM;SATELITAL;OMNILINK;TAC;SÍDER REBAIXADO_28P_ 3 EIXOS;ARJ9D63;ROBSON GUIMARAES ;11985517730;NÃO;;;INATIVO;;Francisco Gobbi;INTER;PF;IC;9 - FINALIZADO;;;;;;;;;;;;;;
RENAULT;SÃO PAULO (SP);FABIO FIGUEREDO;01/02/2026;TRANSPORTADORA SIDER LIMEIRA LTDA;JULIO MARQUES;19971442122;CONTATO@TRANSPORTADORASIDER.COM.BR;CM 6X2;FH 460 6X2T;2022;BYJ4H82;SIM;SATELITAL;SASCAR;CEVA;SÍDER REBAIXADO_28P_ 3 EIXOS;QJN3159;ROJELINO BEZERRA LINS;11934189783;SIM;26/05/2026;;INATIVO;;Francisco Silva;INTER;PJ;IC / ETC;9 - FINALIZADO;;;;;;;;;;;;;;
RENAULT;SÃO PAULO (SP);FABIO FIGUEREDO;01/02/2026;RENAN TOLEDO COSTA;RENAN TOLEDO COSTA;13997367849;RAFAELTORRES1050@GMAIL.COM;CM 6X2;G 420 A6X2;2010;CNR7J54;NÃO;N/A;SEM RASTREADOR;CEVA;SÍDER REBAIXADO_28P_ 2 EIXOS;AKW2243;RONALDO VENANCIO GOMES ;13996841246;NÃO;;;INATIVO;;Francisco Gobbi;INTER;PJ;IC;9 - FINALIZADO;;;;;;;;;;;;;;
RENAULT;MINAS GERAIS (MG);FABIO FIGUEIREDO;01/02/2026;AMELI TRANSPORTES LTDA;ANDERSON CAVALVANTE PINHEIRO;11947254811;TRBRUTUS77@GMAIL.COM;CM 4X2;AXOR 2041 LS;2015;FHV6F79;NÃO;N/A;SEM RASTREADOR;CEVA;SÍDER REBAIXADO_28P_ 3 EIXOS;STO8C43;RONER PIRES NUNES ;11915108930;NÃO;02/04/2026;;INATIVO;;Francisco Gobbi;INTER;PJ;IC;9 - FINALIZADO;;;;;;;;;;;;;;
RENAULT;SÃO PAULO (SP);FABIO FIGUEREDO;01/02/2026;VINICIUS PRIMO VASCONCELOS 36866972892;VINICIUS PRIMO VASCONCELOS;11983574790;VINICIUSPRIMOVASCONCELOS@GMAIL.COM;CM 4X2;AXOR 2035 S;2011;NWK5D57;SIM;SATELITAL;SASCAR;CEVA;SÍDER REBAIXADO_28P_ 3 EIXOS;RETIRAR;SERGIO FREITAS DA SILVA ;14905789811;NÃO;07/04/2026;04/09/2026;INATIVO;;MARCOS FREITAS;INTER;PJ;IC;9 - FINALIZADO;;;;;;;;;;;;;;
RENAULT;SÃO PAULO (SP);FABIO FIGUEREDO;01/02/2026;B R GUARULHOS TRANSPORTES LTDA;SILTAS ROBERTO RIBEIRO;17996464959;BRGUARULHOSTRASPORTES@GMAIL.COM;CM 4X2;P 340 A4X2;2011;HJF4E85;SIM;SATELITAL;SASCAR;CEVA;SÍDER REBAIXADO_28P_ 3 EIXOS;QJN3019;SILAS ROBERTO RIBEIRO ;17996464959;NÃO;26/03/2026;;INATIVO;;MARCOS FREITAS;SPOT;PJ;IC;9 - FINALIZADO;;;;;;;;;;;;;;
RENAULT;SÃO PAULO (SP);FABIO FIGUEREDO;01/02/2026;MARCELO DORNELAS DE SOUZA;MARCELO DORNELAS DE SOUZA;;SIDNEIDASILVAFARIA925@GMAIL.COM;CM 6X2;AXOR 2544 L;2019;GEI8C12;SIM;SATELITAL;OMNILINK;CEVA;SÍDER REBAIXADO_28P_ 3 EIXOS;RETIRAR;SIDNEI DA SILVA FARIA;44997548942;NÃO;23/04/2026;;INATIVO;;MARCOS FREITAS;INTER;PF;IC;9 - FINALIZADO;;;;;;;;;;;;;;
MERCOSUL LINE ;SÃO PAULO (SP);FABIO GAMARRA;24/06/2026;MELO & MELO TRANSPORTES LTDA;MELO & MELO TRANSPORTES LTDA;19 97107-5958;ALAN.VIAMONTE@GMAIL.COM;CM 4X2;FH 400 4X2T;2007;MRF3G84;SIM;SATELITAL;ONIXSAT;ALUGADA;PORTA CONTANINER  BUG;RETIRAR;ALAN LUIZ VIAMONTE DE MELO ;19 97107-5958;NÃO;24/06/2026;;INATIVO;;MARCOS FREITAS;DEDICADO;PJ;IC;1 - INICIAR CADASTRO;;;;;;;;;;;;;;
RENAULT;SÃO PAULO (SP);FABIO FIGUEREDO;01/02/2026;VALNEY DOMINGUES DOS SANTOS;VALNEY DOMINGUES DOS SANTOS;41996726196;MANGASANTOS@HOTMAIL.COM;CM 4X2;19.330 CTC 4X2;2013;MLE4E45;SIM;SATELITAL;SASCAR;CEVA;MEGA SÍDER_28P_ 3 EIXOS;RHE1H84;VALNEY DOMINGUES DOS SANTOS;41996726196;NÃO;;02/01/2026;INATIVO;;Francisco Gobbi;INTER;PF;IC;9 - FINALIZADO;;;;;;;;;;;;;;
RENAULT;SÃO PAULO (SP);FABIO FIGUEREDO;01/02/2026;VINICIUS PRIMO VASCONCELOS;VINICIUS PRIMO VASCONCELOS;11983574790;VINICIUSPRIMOVASCONCELOS@GMAIL.COM;CM 4X2;P 340 A4X2;2011;MWH7E72;SIM;SATELITAL;SASCAR;CEVA;SÍDER REBAIXADO_28P_ 3 EIXOS;CUD5904;VINICIUS PRIMO VASCONCELOS ;11983574790;NÃO;07/04/2026;04/09/2026;INATIVO;;MARCOS FREITAS;INTER;PF;IC;9 - FINALIZADO;;;;;;;;;;;;;;
RENAULT;SÃO PAULO (SP);FABIO FIGUEREDO;01/02/2026;ODAIR DE ALMEIDA;ODAIR DE ALMEIDA;11973853897;ODAIR_ALMEIDA15@HOTMAIL.COM;CM 4X2;19.320 CLC TT;2009;CUA6B14;SIM;SATELITAL;SASCAR;CEVA;SÍDER REBAIXADO_28P_ 3 EIXOS;CUD5905;VITOR ROQUE FERREIRA;13996554572;NÃO;;;INATIVO;;Francisco Gobbi;INTER;PF;IC;9 - FINALIZADO;;;;;;;;;;;;;;
RENAULT;SÃO PAULO (SP);FABIO FIGUEREDO;01/02/2026;BORUCH TRANSPORTES RODOVIARIOS LTDA;DEBORA BORUCH;41996194916;ERICOBORUCH@OUTLOOK.COM;CM 4X2;AXOR 2035 S;2007;DPC9J56;SIM;SATELITAL;SASCAR;CEVA;SÍDER REBAIXADO_28P_ 3 EIXOS;APQ6A38 ;WEVERTON EDUARDO DA SILVA COSTA;41998444333;;;23/03/2026;INATIVO;;Francisco Gobbi;INTER;PJ;IC;9 - FINALIZADO;;;;;;;;;;;;;;
RENAULT;SÃO PAULO (SP);FABIO FIGUEREDO;01/02/2026;CLAUDIO BRAULINO TEIXEIRA;CLAUDIO BRAULINO TEIXEIRA;41997559710;CLAUDIOBRAULINO@YAHOO.COM.BR;CM 4X2;P 340 A4X2;2010;MJT2929;SIM;SATELITAL;OMNILINK;CEVA;SÍDER REBAIXADO_28P_ 3 EIXOS;RETIRAR;ANTONIO CARLOS TUCCI ;41991121051;NÃO;;;INATIVO;;Francisco Gobbi;INTER;PF;IC;9 - FINALIZADO;;;;;;;;;;;;;;
RENAULT;SÃO PAULO (SP);FABIO FIGUEREDO;01/02/2026;GUILHERME ANTONIO LOPES;GUILHERME ANTONIO LOPES;41995039001;GUIII_05@HOTMAIL.COM;CM 4X2;FH 440 4X2T;2011;EPU6B28;NÃO;N/A;SEM RASTREADOR;CEVA;SÍDER REBAIXADO_28P_ 3 EIXOS;CUD6012;GUILHERME ANTONIO LOPES;41995039001;NÃO;19/03/2026;25/02/2026;INATIVO;;Francisco Gobbi;INTER;PF;IC;9 - FINALIZADO;;;;;;;;;;;;;;
RENAULT;SÃO PAULO (SP);FABIO FIGUEREDO;01/02/2026;TTM TRANSPORTES LTDA;;;WILLALVES46@HOTMAIL.COM;CM 4X2;G 420 A4X2;2012;NRZ0E36;SIM;SATELITAL;OMNILINK;CEVA;SÍDER REBAIXADO_28P_ 3 EIXOS;RETIRAR;VICTOR AUGUSTO COSTA FERREIRA;11 93274-3501;NÃO;08/04/2026;03/06/2026;ATIVO;;MARCOS FREITAS;SPOT;PF;IC;9 - FINALIZADO;;;;;;;;;;;;;;
RENAULT;SÃO PAULO (SP);FABIO FIGUEREDO;01/02/2026;TRANS BLASQUE TRANSPORTE LTDA;MARIO BLASQUE MATHEUS FILHO;19996117054;TRANSBLASQUE@GMAIL.COM;CM 4X2;R124 GA4X2NZ 360;2003;MDG6H38;SIM;SATELITAL;SASCAR;CEVA;SÍDER REBAIXADO_28P_ 3 EIXOS;DTB0A23;WESLEY ATAYDE MAFRA ;11994256035;NÃO;;16/01/2026;INATIVO;;Francisco Gobbi;DEDICADO;PJ;IC;9 - FINALIZADO;;;;;;;;;;;;;;
RENAULT;SÃO PAULO (SP);FABIO FIGUEREDO;01/02/2026;ODAIR DE ALMEIDA 15558785802;ODAIR DE ALMEIDA;11973853897;ODAIR_ALMEIDA15@HOTMAIL.COM;CM 4X2;R124 GA4X2NZ 420;2007;MRO5I36;NÃO;N/A;SEM RASTREADOR;CEVA;SÍDER REBAIXADO_28P_ 3 EIXOS;QJN3489;ODAIR DE ALMEIDA;11973853897;NÃO;;20/11/2025;ATIVO;;Francisco Gobbi;INTER;PJ;IC;9 - FINALIZADO;;;;;;;;;;;;;;
RENAULT;SÃO PAULO (SP);FABIO FIGUEIREDO;01/02/2026;GABRIEL NELSON RUBIK;GABRIEL NELSON RUBIK;41998148819;WESLEYRUBIK@GMAIL.COM;TRUCK (6X2);CNC 6X2;2010;ASW6G74;SIM;SATELITAL;SASCAR;N/A;SÍDER;N/A;WESLEY VINICIUS RUBIK;41995902138;SIM;27/03/2026;;ATIVO;;Francisco Silva;SPOT;PF;IC;9 - FINALIZADO;;;;;;;;;;;;;;
MERCOSUL LINE ;SÃO PAULO (SP);FABIO GAMARRA;24/06/2026;ORLANDO DE SOUZA CESAR;ORLANDO DE SOUZA CESAR;13 99793-0018;OSCESAR@GMAIL.COM;CM 4X2;AXOR;2009;CUA6F71;SIM;SATELITAL;OMNILINK;ALUGADA;PORTA CONTANINER  BUG;RETIRAR;ORLANDO DE SOUZA CESAR;13 99793-0018;NÃO;24/06/2026;;INATIVO;;MARCOS FREITAS;DEDICADO;PF;IC;1 - INICIAR CADASTRO;;;;;;;;;;;;;;
RENAULT;SÃO PAULO (SP);FABIO FIGUEREDO;01/02/2026;TRANSPORTADORA NEGOSEKI LTDA ME;RAFAEL NEGOSEKI;41991698837;OPERACIONAL@NEGOSEKI.COM.BR;CM 4X2;AXOR 2036 S;2019;BDS6E08;SIM;SATELITAL;ONIXSAT;CEVA;SÍDER REBAIXADO_28P_ 3 EIXOS;AAK2831;WESLLEY BRYAN DA SILVA;41995777374;NÃO;;;ATIVO;;Francisco Gobbi;DEDICADO;PJ;TSP;9 - FINALIZADO;;;;;;;;;;;;;;
RENAULT;SÃO PAULO (SP);FABIO FIGUEREDO;01/02/2026;JOAO LEANDRO FRANCO;JOAO LEANDRO FRANCO;13981368056;JOAOLF44@GMAIL.COM;CM 4X2;CARGO 1933 TL;2014;AYY4H20;NÃO;N/A;SEM RASTREADOR;CEVA;SÍDER REBAIXADO_28P_ 3 EIXOS;DTB0A23;JOAO LEANDRO FRANCO;13981368056;NÃO;;02/04/2026;INATIVO;;Francisco Gobbi;INTER;PF;IC;9 - FINALIZADO;;;;;;;;;;;;;;
MERCOSUL LINE ;SÃO PAULO (SP);FABIO FIGUEREDO;01/02/2026;WEBERT MIGLIAT VERAS;WEBERT MIGLIAT VERAS;11 94705-0004;VERASWEBERT@GMAIL.COM;CM 4X2;28.460 METEOR 6X2;2009;EDB6F88;NÃO;;;;;RETIRAR;WEBERT MIGLIAT VERAS;11 94705-0004;NÃO;24/06/2026;;INATIVO;;MARCOS FREITAS;DEDICADO;PF;IC;1 - INICIAR CADASTRO;;;;;;;;;;;;;;
RENAULT;SÃO PAULO (SP);FABIO FIGUEIREDO;01/02/2026;64.213.271 RAFAEL DA SILVA SANTOS ;RAFAEL DA SILVA SANTOS;13996061073;RAFAEL.DASILVASANTOSA@GMAIL.COM;CM 4X2;CURSOR 450E33T;2011;EOE9I65;NÃO;N/A;SEM RASTREADOR;CEVA;SÍDER REBAIXADO_28P_ 3 EIXOS;AOL0C62;RAFAEL DA SILVA SANTOS;13996061073;NÃO;19/03/2026;24/03/2026;ATIVO;;Francisco Silva;INTER;PJ;IC;9 - FINALIZADO;;;;;;;;;;;;;;
RENAULT;SÃO PAULO (SP);FABIO FIGUEREDO;01/02/2026;LOGISTICA VALE DE ESCOL LTDA;LOGISTICA VALE DE ESCOL LTDA;11 93079-2590;LOGISTICAVALEDEESCOL@GMAIL.COM;CM 6X2;VM 330 4X2T;2015;PWL7303;SIM;SATELITAL;OMNILINK;CEVA;SÍDER REBAIXADO_28P_ 3 EIXOS;RETIRAR;EDINALDO PEREIRA DA COSTA;22 99861-2179;NÃO;24/06/2026;;INATIVO;;THAIS OLIVEIRA;INTER;PF;IC;9 - FINALIZADO;;;;;;;;;;;;;;
RENAULT;MINAS GERAIS (MG);FABIO FIGUEIREDO;01/02/2026;AMELI TRANSPORTES LTDA;ANDERSON CAVALVANTE PINHEIRO;11947254811;TRBRUTUS77@GMAIL.COM;CM 4X2;FH 440 4X2T;2010;ERK0D74;NÃO;N/A;SEM RASTREADOR;CEVA;SÍDER REBAIXADO_28P_ 3 EIXOS;FOU9G72;RENATO FRANCO OLIVEIRA;11915108930;NÃO;24/04/2026;27/04/2026;ATIVO;;Francisco Gobbi;INTER;PJ;IC;9 - FINALIZADO;;;;;;;;;;;;;;
RENAULT;SÃO PAULO (SP);FABIO FIGUEREDO;01/02/2026;LOGISTICA VALE DE ESCOL LTDA;LOGISTICA VALE DE ESCOL LTDA;11 93079-2590;LOGISTICAVALEDEESCOL@GMAIL.COM;CM 6X2;;2015;FVC1H93;SIM;SATELITAL;OMNILINK;;;RETIRAR;OSMAR RIBEIRO MARTINS;(11) 92155-7420;NÃO;24/06/2026;;ENGATE SR;;THAIS OLIVEIRA;INTER;PF;IC;9 - FINALIZADO;;;;;;;;;;;;;;
RENAULT;SÃO PAULO (SP);FABIO FIGUEREDO;01/02/2026;36.043.058 EVANDRO  TADEU RENDOKI;36.043.058 EVANDRO  TADEU RENDOKI;13 98841-8824;CELIARENDOKI@GMAIL.COM;CM 6X2;28.460 METEOR 6X2;2023;JBX5E41;SIM;SATELITAL;ONIXSAT;CEVA;SÍDER REBAIXADO_28P_ 3 EIXOS;RETIRAR;MAURIA APARECIDA GUIMARAES;41 99179-4584;NÃO;24/06/2026;;INATIVO;;MARCOS FREITAS;INTER;PJ;IC;9 - FINALIZADO;;;;;;;;;;;;;;
MERCOSUL LINE ;SÃO PAULO (SP);FABIO GAMARRA;01/02/2026;EDUARDO VITOR MALVINO;EDUARDO VITOR MALVINO;11947396562;MALVINOTRANS@HOTMAIL.COM;CM 4X2;COSTELLEITION;2016;EGK8G32;SIM;SATELITAL;SASCAR;TAC;"PORTA CONTAINER_40""_ 3 EIXOS";DPC8G41;EDUARDO VITOR MALVINO;11947396562;NÃO;25/03/2026;06/05/2026;ATIVO;;MARCOS FREITAS;DEDICADO;PF;IC;9 - FINALIZADO;;;;;;;;;;;;;;
MERCOSUL LINE ;SÃO PAULO (SP);FABIO GAMARRA;01/02/2026;WELLINGTON PEREIRA NUNES;WELLINGTON PEREIRA NUNES;13988235926;ANDORINHALITORAL@GMAIL.COM;CM 4X2;P 340 A4X2;2010;CNR7886;SIM;SATELITAL;SASCAR;TAC;"PORTA CONTAINER_40""_ 3 EIXOS";DJB6556;WELLINGTON PEREIRA NUNES;13988235926;NÃO;24/03/2026;02/04/2026;ATIVO;;MARCOS FREITAS;DEDICADO;PF;IC;9 - FINALIZADO;;;;;;;;;;;;;;
SUZANO;SÃO PAULO (SP);FABIO GAMARRA;01/02/2026;RADIX PLANEJ E PREST DE SERV TECNICO ADM;JOAO ALVES;11940015334;EDIMILSONALVES509@GMAIL.COM;TRUCK (6X2);TECTOR 240E25S;2010;MIO7G69;SIM;SATELITAL;MOOV;N/A;SÍDER;N/A;EDMILSON IZIDIO ALVES;11974075628;NÃO;26/02/2026;;ATIVO;;Francisco Silva;DEDICADO;PJ;IC;9 - FINALIZADO;;;;;;;;;;;;;;
RENAULT;SÃO PAULO (SP);FABIO FIGUEREDO;01/02/2026;VALDIR DOS SANTOS JUNIOR;VALDIR DOS SANTOS JUNIOR;11 96081-6131;VALDIRJUNINHO1113@HOTMAIL.COM;CM 6X2;VM 330 4X2T;2014;AYI2J41;SIM;SATELITAL;OMNILINK;CEVA;SÍDER REBAIXADO_28P_ 3 EIXOS;RETIRAR;VALDIR DOS SANTOS JUNIOR;11 96081-6131;NÃO;24/06/2026;;INATIVO;;MARCOS FREITAS;INTER;PF;IC;9 - FINALIZADO;;;;;;;;;;;;;;
MERCOSUL LINE ;SÃO PAULO (SP);FABIO GAMARRA;01/02/2026; LUIZ RICARDO LA PLATA ALVES PEREIRA; LUIZ RICARDO LA PLATA ALVES PEREIRA;11 95786-5720;RICARDOLAPLATA2015@GMAIL.COM;CM 6X2;;2012;ELW9435;NÃO;N/A;N/A;;;TKG0H05; LUIZ RICARDO LA PLATA ALVES PEREIRA;11 95786-5720;NÃO;24/06/2026;;ATIVO;;THAIS OLIVEIRA;INTER;PF;IC;8 - ASSINAT. CONTRATO;;;;;;;;;;;;;;
RENAULT;SÃO PAULO (SP);FABIO FIGUEREDO;01/02/2026;VALDINEI RIBEIRO BUENO ;VALDINEI RIBEIRO BUENO ;41998483337;VALNEI658@GMAIL.COM;CM 4X2;CURSOR 450E33T;2010;CUD9A34;SIM;SATELITAL;ONIXSAT;CEVA;SÍDER REBAIXADO_28P_ 2 EIXOS;AKW2243;VALDIR ALVES PEREIRA ;41992046070;NÃO;30/04/2026;30/04/2026;ATIVO;;MARCOS FREITAS;INTER;PF;IC;9 - FINALIZADO;;;;;;;;;;;;;;
XD DIADEMA;SÃO PAULO (SP);ALEX RIBEIRO;01/02/2026;;;;;;;;CPT2873;;;;;;;ALICIO DE DEUS SEIXAS;;NÃO;;;ATIVO;;Francisco Silva;DDA;PF;IC;9 - FINALIZADO;;;;;;;;;;;;;;
XD DIADEMA;SÃO PAULO (SP);ALEX RIBEIRO;01/02/2026;;;;;LEVE (3/4);;;DAJ6F54;;;;N/A;BAÚ;N/A;ANDRE SOUZA VIANA;11951687642;NÃO;;;ATIVO;;CARLOS TERRA;DDA;PF;IC;9 - FINALIZADO;;;;;;;;;;;;;;
XD DIADEMA;SÃO PAULO (SP);ALEX RIBEIRO;01/02/2026;;;;;;;;BXS0J29;;;;;;;CELIA APARECIDA SANTANA;;NÃO;;;ATIVO;;Francisco Silva;DDA;PF;IC;9 - FINALIZADO;;;;;;;;;;;;;;
XD DIADEMA;SÃO PAULO (SP);ALEX RIBEIRO;01/02/2026;CHRISTIAN NIGRE DE OLIVEIRA;CHRISTIAN NIGRE DE OLIVEIRA;11954659428;CRISTHIANNIGRE@GMAIL.COM;FIORINO;FIORINO HD WK E;2020;RGD3I81 ;NÃO;N/A;SEM RASTREADOR;N/A;BAÚ;N/A;CHRISTIAN NIGRE DE OLIVEIRA;11954659428;NÃO;09/03/2026;;ATIVO;;CARLOS TERRA;DDA;PF;IC;9 - FINALIZADO;;;;;;;;;;;;;;
XD DIADEMA;SÃO PAULO (SP);ALEX RIBEIRO;01/02/2026;CLAUDIA VIVIANE BORGES CABRAL TOLEDO ;CARLOS EDUARDO ANDRADE DE TOLEDO;11 96373-7140;GOLDVIVIANE@HOTMAIL.COM;VUC (HR);DALLY;2008;GVQ8H32;NÃO;N/A;SEM RASTREADOR;N/A;SÍDER;N/A;CLAUDIA VIVIANE BORGES CABRAL TOLEDO ;11963737140;NÃO;07/05/2026;;CADASTRO;;MARCOS FREITAS;DDA;PF;IC;1 - INICIAR CADASTRO;;;;;;;;;;;;;;
XD DIADEMA;SÃO PAULO (SP);ALEX RIBEIRO;01/02/2026;;;;;VAN;;;EJY6704;;;;N/A;BAÚ;N/A;CLAUDINEI MADUREIRA PARA; ;NÃO;;;ATIVO;;CARLOS TERRA;DDA;PF;IC;9 - FINALIZADO;;;;;;;;;;;;;;
XD DIADEMA;SÃO PAULO (SP);ALEX RIBEIRO;01/02/2026;;;;;TRUCK (6X2);;;CVN7A02;;;;N/A;BAÚ;N/A;CLAUDIO MARTINS JUNIOR;11994633726;NÃO;;;ATIVO;;Francisco Silva;DDA;PF;IC;9 - FINALIZADO;;;;;;;;;;;;;;
XD DIADEMA;SÃO PAULO (SP);ALEX RIBEIRO;01/02/2026;CLAUDIO NUNES RODRIGUES;CLAUDIO NUNES RODRIGUES;11967590581;CLAUDIO.R.N1@GMAIL.COM;VUC (HR);HDB;2016;FIY3J61;NÃO;N/A;SEM RASTREADOR;N/A;BAÚ;N/A;CLAUDIO NUNES RODRIGUES;11967590581;NÃO;20/03/2026;;ATIVO;;Francisco Silva;DDA;PF;IC;9 - FINALIZADO;;;;;;;;;;;;;;
XD DIADEMA;SÃO PAULO (SP);ALEX RIBEIRO;01/02/2026;VICTOR SOUSA SANTOS;;;;;;;GBA6H84;;;;N/A;;N/A;DALMO SANTOS;;NÃO;;;ATIVO;;Francisco Silva;DDA;PF;IC;9 - FINALIZADO;;;;;;;;;;;;;;
XD DIADEMA;SÃO PAULO (SP);ALEX RIBEIRO;01/02/2026;;;;;;;;EFO2B01;;;;;;;DENILSON TAVARES;;NÃO;;;ATIVO;;Francisco Silva;DDA;PF;IC;9 - FINALIZADO;;;;;;;;;;;;;;
XD DIADEMA;SÃO PAULO (SP);ALEX RIBEIRO;01/02/2026;;;;;;;;QPD7B68;;;;;;;DORISMUNDO JOSÉ DA SILVA;;NÃO;;;ATIVO;;Francisco Silva;DDA;PF;IC;9 - FINALIZADO;;;;;;;;;;;;;;
XD DIADEMA;SÃO PAULO (SP);ALEX RIBEIRO;01/02/2026;ERNON FERREIRA DE GOES;ERNON FERREIRA DE GOES;11947366253;TRANSPORTADORAGOESTRANS@HOTMAIL.COM;TRUCK (6X2);ATEGO 2426;2013;FDZ1076;SIM;SATELITAL;ALTSAT;N/A;SÍDER;N/A;ERNON FERREIRA DE GOES;11947366253;NÃO;10/03/2026;23/03/2026;ATIVO;;CARLOS TERRA;SPOT;PF;IC;9 - FINALIZADO;;;;;;;;;;;;;;
XD DIADEMA;SÃO PAULO (SP);ALEX RIBEIRO;01/02/2026;;;;;;;;FQE3F04;;;;;;;FABIANO VIEIRA;;NÃO;;;ATIVO;;Francisco Silva;DDA;PF;IC;9 - FINALIZADO;;;;;;;;;;;;;;
XD DIADEMA;SÃO PAULO (SP);ALEX RIBEIRO;01/02/2026;FRANCISCO SILVANO GOMES LEDO  ;FRANCISCO SILVANO GOMES LEDO  ;11987241643;SILVANOLEDO.ELIZA@GMAIL.COM;VUC (HR);DDAILY 35S14HDCS;2015;EYR6H32;SIM;SATELITAL;OMNILINK;N/A;BAÚ;N/A;FRANCISCO SILVANO GOMES LEDO  ;11987241643;NÃO;30/03/2026;;ATIVO;;MARCOS FREITAS;DDA;PF;IC;9 - FINALIZADO;;;;;;;;;;;;;;
XD DIADEMA;SÃO PAULO (SP);ALEX RIBEIRO;01/02/2026;;;;;;;;;;;;;;;GERSON ALVES FRANCISCO;;NÃO;;;ATIVO;;Francisco Silva;DDA;PF;IC;9 - FINALIZADO;;;;;;;;;;;;;;
XD DIADEMA;SÃO PAULO (SP);ALEX RIBEIRO;01/02/2026;;;;;;;;SDX1F74;;;;;;;IVAN CARLOS DE AQUINO;;NÃO;;;ATIVO;;Francisco Silva;DDA;PF;IC;9 - FINALIZADO;;;;;;;;;;;;;;
XD DIADEMA;SÃO PAULO (SP);ALEX RIBEIRO;01/02/2026;;;;;VAN;;;FTC5H51;;;;N/A;BAÚ;N/A;JARDELL ANDERSON PINHO SILVA;11947381893;NÃO;;;ATIVO;;CARLOS TERRA;DDA;PF;IC;9 - FINALIZADO;;;;;;;;;;;;;;
XD DIADEMA;SÃO PAULO (SP);ALEX RIBEIRO;01/02/2026;;;;;;;;CUD6739;;;;;;;JERONIMO FAIA DOS SANTOS;11952273733;NÃO;;;ATIVO;;Francisco Silva;DDA;PF;IC;9 - FINALIZADO;;;;;;;;;;;;;;
XD DIADEMA;SÃO PAULO (SP);ALEX RIBEIRO;01/02/2026;JERONIMO FAIA DOS SANTOS;JERONIMO FAIA DOS SANTOS;11952273733;;VUC (HR);KIA K2500 HD;2010;ENR6C64;;;;N/A;BAÚ;N/A;JERONIMO FAIA DOS SANTOS;11952273733;NÃO;;;ATIVO;;Francisco Silva;DDA;PF;IC;9 - FINALIZADO;;;;;;;;;;;;;;
XD DIADEMA;SÃO PAULO (SP);ALEX RIBEIRO;01/02/2026;JOAO DA SILVA MOURA;JOAO DA SILVA MOURA;11947295796;JOAO.MOURA82@HOTMAIL.COM;TRUCK (6X2);8.150 E DELIVERY PLUS;2011;CUD6723;SIM;SATELITAL;OMNILINK;N/A;SÍDER;N/A;JOAO DA SILVA MOURA ;11947295796;NÃO;02/04/2026;15/05/2026;ATIVO;;MARCOS FREITAS;DDA;PF;IC;9 - FINALIZADO;;;;;;;;;;;;;;
XD DIADEMA;SÃO PAULO (SP);ALEX RIBEIRO;01/02/2026;;;;;;;;EPA2J51;;;;;;;JOSE DOS SANTOS;;NÃO;;;ATIVO;;Francisco Silva;DDA;PF;IC;9 - FINALIZADO;;;;;;;;;;;;;;
XD DIADEMA;SÃO PAULO (SP);ALEX RIBEIRO;01/02/2026;;;;;LEVE (3/4);;;FNV4G90;;;;N/A;BAÚ;N/A;JOSE HUMBERTO BARRETO DE ALENCAR;11994726531;NÃO;;;ATIVO;;CARLOS TERRA;DDA;PF;IC;9 - FINALIZADO;;;;;;;;;;;;;;
XD DIADEMA;SÃO PAULO (SP);ALEX RIBEIRO;01/02/2026;;;;;;;;GZV0980;;;;;;;JOSE VALDETE;;NÃO;;;ATIVO;;Francisco Silva;DDA;PF;IC;9 - FINALIZADO;;;;;;;;;;;;;;
XD DIADEMA;SÃO PAULO (SP);ALEX RIBEIRO;01/02/2026;JOSE MILTON MORAIS LEDO ;JOSE MILTON MORAIS LEDO ;11980676617;MILTONJOSIANE15@GMAIL.COM;VUC (HR);STRALLIS;2011;EVP0F52;SIM;SATELITAL;OMNILINK;N/A;BAÚ;N/A;JOSE MILTON MORAIS LEDO ;11980676617;SIM;24/03/2026;01/04/2026;ATIVO;;MARCOS FREITAS;DDA;PF;IC;9 - FINALIZADO;;;;;;;;;;;;;;
XD DIADEMA;SÃO PAULO (SP);ALEX RIBEIRO;01/02/2026;;;;;;;;RHH9F20;;;;;;;JOSUE VIEIRA;;NÃO;;;ATIVO;;Francisco Silva;DDA;PF;IC;9 - FINALIZADO;;;;;;;;;;;;;;
XD DIADEMA;SÃO PAULO (SP);ALEX RIBEIRO;01/02/2026;KAIQUE SILVA DE OLIVEIRA;KAIQUE SILVA DE OLIVEIRA;11952343275;KAIQUEOLIVEIRA852@GMAIL.COM;VUC (HR);MASTER CC 2.5DCI;2013;FFN2F03;NÃO;N/A;SEM RASTREADOR;N/A;BAÚ;N/A;KAIQUE SILVA DE OLIVEIRA;11952343275;NÃO;13/03/2026;;ATIVO;;CARLOS TERRA;DDA;PF;IC;9 - FINALIZADO;;;;;;;;;;;;;;
XD DIADEMA;SÃO PAULO (SP);ALEX RIBEIRO;01/02/2026;;;;;;;;RHH9F20;;;;;;;LUCIANA RIBEIRO ROQUE;;NÃO;;;ATIVO;;Francisco Silva;DDA;PF;IC;9 - FINALIZADO;;;;;;;;;;;;;;
XD DIADEMA;SÃO PAULO (SP);ALEX RIBEIRO;01/02/2026;;;;;;;;SDX1F76;;;;;;;LUIS GUSTAVO;;NÃO;;;ATIVO;;Francisco Silva;DDA;PF;IC;9 - FINALIZADO;;;;;;;;;;;;;;
XD DIADEMA;SÃO PAULO (SP);ALEX RIBEIRO;01/02/2026;;;;;;;;EFU6C56;;;;;;;LUIZ ANTONIO BARRAMANSA;;NÃO;;;ATIVO;;Francisco Silva;DDA;PF;IC;9 - FINALIZADO;;;;;;;;;;;;;;
XD DIADEMA;SÃO PAULO (SP);ALEX RIBEIRO;01/02/2026;THAIS AURELIA SILVA CEZARINO;THAIS AURELIA SILVA CEZARINO;;TRANSFEQUER@GMAIL.COM;VUC (HR);EXPRESS DRC 4X2;2020;GAB8H68;NÃO;N/A;SEM RASTREADOR;N/A;BAÚ;N/A;LYNCONN RAVELLY CASTRO ALVES;11971927216;NÃO;05/05/2026;;ATIVO;;Francisco Silva;DDA;PF;IC;9 - FINALIZADO;;;;;;;;;;;;;;
XD DIADEMA;SÃO PAULO (SP);ALEX RIBEIRO;01/02/2026;;;;;;;;EEH9D03;;;;;;;MANOEL NUNES DA SILVA;;NÃO;;;ATIVO;;Francisco Silva;DDA;PF;IC;9 - FINALIZADO;;;;;;;;;;;;;;
XD DIADEMA;SÃO PAULO (SP);ALEX RIBEIRO;01/02/2026;;;;;;;;ETF8129;;;;;;;MARCELLO DE ABREU SILVA;;NÃO;;;ATIVO;;Francisco Silva;DDA;PF;IC;9 - FINALIZADO;;;;;;;;;;;;;;
XD DIADEMA;SÃO PAULO (SP);ALEX RIBEIRO;01/02/2026;;;;;;;;FRD3J84;;;;;;;MARCOS ALVES PICCAGLI;;NÃO;;;ATIVO;;Francisco Silva;DDA;PF;IC;9 - FINALIZADO;;;;;;;;;;;;;;
XD DIADEMA;SÃO PAULO (SP);ALEX RIBEIRO;01/02/2026;KAIQUE WESLEY FONSECA;;;;;;;EOF8329;;;;N/A;;N/A;MARIA DO CARMO FONSECA;;NÃO;;;ATIVO;;Francisco Silva;DDA;PF;IC;9 - FINALIZADO;;;;;;;;;;;;;;
XD DIADEMA;SÃO PAULO (SP);ALEX RIBEIRO;01/02/2026;;;;;;;;ENR6C64;;;;;;;MATHEUS RODRIGUES;;NÃO;;;ATIVO;;Francisco Silva;DDA;PF;IC;9 - FINALIZADO;;;;;;;;;;;;;;
XD DIADEMA;SÃO PAULO (SP);ALEX RIBEIRO;01/02/2026;BEATRIZ MARQUES FERNANDES;;;;;;;;;;;N/A;;N/A;MATHEUS RODRIGUES ALBUQUERQUE;;NÃO;;;ATIVO;;Francisco Silva;DDA;PF;IC;9 - FINALIZADO;;;;;;;;;;;;;;
XD DIADEMA;SÃO PAULO (SP);ALEX RIBEIRO;01/02/2026;;;;;;;;APQ5454;;;;;;;MAURO FERRAO;;NÃO;;;ATIVO;;Francisco Silva;DDA;PF;IC;9 - FINALIZADO;;;;;;;;;;;;;;
XD DIADEMA;SÃO PAULO (SP);ALEX RIBEIRO;01/02/2026;NILTON SOUSA AMARAL;NILTON SOUSA AMARAL;11949783937;NILTON.AMARAL.4025@GMAIL.COM;TRUCK (6X2);ACCELO 1016;2011;FUC8C56;NÃO;N/A;SEM RASTREADOR;N/A;BAÚ;N/A;NILTON SOUSA AMARAL;11949783937;NÃO;04/04/2026;;CADASTRO;;MARCOS FREITAS;DDA;PF;IC;1 - INICIAR CADASTRO;;;;;;;;;;;;;;
XD DIADEMA;SÃO PAULO (SP);ALEX RIBEIRO;01/02/2026;;;;;;;;CHP5242;;;;;;;OSMAR CASTELLO BRANCO;;NÃO;;;ATIVO;;Francisco Silva;DDA;PF;IC;9 - FINALIZADO;;;;;;;;;;;;;;
XD DIADEMA;SÃO PAULO (SP);ALEX RIBEIRO;01/02/2026;PAULO ROGERIO SANTANA DA CRUZ;;;;;;;DML7257;;;;N/A;;N/A;PAULO ROGERIO SANTANA DA CRUZ;;NÃO;;;ATIVO;;Francisco Silva;DDA;PF;IC;9 - FINALIZADO;;;;;;;;;;;;;;
XD DIADEMA;SÃO PAULO (SP);ALEX RIBEIRO;01/02/2026;;;;;VUC (HR);;;HKR2H49;;;;N/A;BAÚ;N/A;RAFAEL VINICIUS DE AZEVEDO OLIVEIRA;11914722766;NÃO;;;ATIVO;;CARLOS TERRA;DDA;PF;IC;9 - FINALIZADO;;;;;;;;;;;;;;
XD DIADEMA;SÃO PAULO (SP);ALEX RIBEIRO;01/02/2026;;;;;;;;FAH8289;;;;;;;RICARDO DA SILVA SANTOS;;NÃO;;;ATIVO;;Francisco Silva;DDA;PF;IC;9 - FINALIZADO;;;;;;;;;;;;;;
XD DIADEMA;SÃO PAULO (SP);ALEX RIBEIRO;01/02/2026;LUIS HENRIQUE DE MORAES VIEIRA;;;;;;;CUD6E65;;;;N/A;;N/A;ROBERTO ANTONIO MARTINS VIEIRA;;NÃO;;;ATIVO;;Francisco Silva;DDA;PF;IC;9 - FINALIZADO;;;;;;;;;;;;;;
XD DIADEMA;SÃO PAULO (SP);ALEX RIBEIRO;01/02/2026;ROGERIO FEQUER;ROGERIO FEQUER;11947487270;TRANSFEQUER@GMAIL.COM;TRUCK (6X2);CARGO 2429 L;2012;ODE7J72;SIM;SATELITAL;OMNILINK;N/A;BAÚ;N/A;ROGERIO FEQUER;11947487270;NÃO;05/05/2026;;ATIVO;;Francisco Silva;DDA;PF;IC;9 - FINALIZADO;;;;;;;;;;;;;;
XD DIADEMA;SÃO PAULO (SP);ALEX RIBEIRO;01/02/2026;;;;;;;;OXQ6J98;;;;;;;ROGERIO LUIZ MAMPRIM;;NÃO;;;ATIVO;;Francisco Silva;DDA;PF;IC;9 - FINALIZADO;;;;;;;;;;;;;;
XD DIADEMA;SÃO PAULO (SP);ALEX RIBEIRO;01/02/2026;;;;;;;;SDX1F73;;;;;;;VALDINIZ CASIMIRO DE OLIVEIRA;;NÃO;;;ATIVO;;Francisco Silva;DDA;PF;IC;9 - FINALIZADO;;;;;;;;;;;;;;
XD DIADEMA;SÃO PAULO (SP);ALEX RIBEIRO;01/02/2026;;;;;VAN;;;ELQ2H14;;;;N/A;BAÚ;N/A;WAGNER PINHEIRO DE SOUZA;11994215850;NÃO;;;ATIVO;;CARLOS TERRA;DDA;PF;IC;9 - FINALIZADO;;;;;;;;;;;;;;
XD DIADEMA;SÃO PAULO (SP);ALEX RIBEIRO;01/02/2026;VALDINIZ CASIMIRO DE OLIVEIRA;;;;;;;DZE2237;;;;N/A;;N/A;WALLACE LIMA DE OLIVEIRA;;NÃO;;;ATIVO;;Francisco Silva;DDA;PF;IC;9 - FINALIZADO;;;;;;;;;;;;;;
XD DIADEMA;SÃO PAULO (SP);ALEX RIBEIRO;01/02/2026;;;;;;;;CUD6H39;;;;N/A;;N/A;WILLIAM FERNANDES SERRA;;NÃO;;;ATIVO;;Francisco Silva;DDA;PF;IC;9 - FINALIZADO;;;;;;;;;;;;;;
XD DIADEMA;SÃO PAULO (SP);ALEX RIBEIRO;01/02/2026;;;;;;;;DWJ0252;;;;N/A;;N/A;WILLIAN FERNANDES;;NÃO;;;ATIVO;;Francisco Silva;DDA;PF;IC;9 - FINALIZADO;;;;;;;;;;;;;;
XD DIADEMA;SÃO PAULO (SP);ALEX RIBEIRO;01/02/2026;;;;;;;;RHJ5J86;;;;N/A;;N/A;WILLY DE OLIVEIRA BRITO;;NÃO;;;ATIVO;;Francisco Silva;DDA;PF;IC;9 - FINALIZADO;;;;;;;;;;;;;;
XD DIADEMA;SÃO PAULO (SP);ALEX RIBEIRO;01/02/2026;;;;;;;;AKG4613;;;;N/A;;N/A;;;NÃO;;;ATIVO;;Francisco Silva;DDA;PF;IC;9 - FINALIZADO;;;;;;;;;;;;;;
RENAULT;SÃO PAULO (SP);FABIO FIGUEREDO;01/02/2026;M LOPES COMERCIO E SERVICOS;MARCIA LOPES;;HUMATRANSPORTESADM@GMAIL.COM;CM 4X2;19.320 CLC TT;2011;EPU7I70;SIM;SATELITAL;LOOKSAT;CEVA;SÍDER REBAIXADO_28P_ 3 EIXOS;CLU1043;RICARDO FABIANO COSTA BISPO;13996447410;NÃO;;24/01/2026;ATIVO;;Francisco Gobbi;INTER;PJ;IC;9 - FINALIZADO;;;;;;;;;;;;;;
RENAULT;SÃO PAULO (SP);FABIO FIGUEREDO;01/02/2026;ROBERTO SILVIO FERNANDES SOUZA 25373144843;ROBERTO SILVIO FERNANDES SOUZA;13982208469;ROBERTOSILVIO4040@GMAIL.COM;CM 4X2;ROBNERT;2010;CSK5B54;NÃO;N/A;SEM RASTREADOR;CEVA;SÍDER REBAIXADO_28P_ 3 EIXOS;MCT6654;ROBERTO SILVIO FERNANDES SOUZA;13982208469;NÃO;;02/01/2026;ATIVO;;Francisco Gobbi;INTER;PJ;IC;9 - FINALIZADO;;;;;;;;;;;;;;
RENAULT;SÃO PAULO (SP);FABIO FIGUEREDO;01/02/2026;MF LOG TRANSPORTES LTDA;MF LOG TRANSPORTES LTDA; (41) 99279-0449;MAFERTRANSPORTES@OUTLOOK.COM;CM 6X2;OLO6G09;2013;QCC2I66;SIM;SATELITAL;ONIXSAT;RHK1A83;N/A;GEX1I48;CRISTIANO GONZAGA HENRIQUES;41 99872-2375;SIM;30/07/2026;;ATIVO;;MARCOS FREITAS;INTER;PJ;IC;1 - INICIAR CADASTRO;;;;;;;;;;;;;;
RENAULT;SÃO PAULO (SP);FABIO FIGUEREDO;01/02/2026;VALTAIR NASCIMENTO;VALTAIR NASCIMENTO;41 9992-2090;VALTAIRNASCIMENTO@GMAIL.COM;CM 6X2;;2013;ODS6J86;SIM;SATELITAL;ONIXSAT;;;QJN3489;ISRAEL JUSTINO DOS SANTOS;41 9505-0862;SIM;30/07/2026;08/03/2026;ATIVO;;MARCOS FREITAS;INTER;PF;IC;9 - FINALIZADO;;;;;;;;;;;;;;
RENAULT;SÃO PAULO (SP);FABIO FIGUEREDO;01/02/2026;LACMAR - TRANSPORTADORA LTDA;GILMAR RIBEIRO;41996584138;LACMAR.TRANSPORTES@GMAIL.COM;CM 4X2;EJZ8C37;2013;DVS5J25;NÃO;N/A;SEM RASTREADOR;CZZ6254;N/A;RHK1A79;JOAO LENADRO FRANCO;13 98136-8056;NÃO;30/07/2026;02/01/2026;ATIVO;;MARCOS FREITAS;INTER;PJ;IC;9 - FINALIZADO;;;;;;;;;;;;;;
MERCOSUL LINE ;SÃO PAULO (SP);FABIO GAMARRA;27/07/2026;MARGARETE APARECIDA DE FRANCA SANTIAGO;MARGARETE APARECIDA DE FRANCA SANTIAGO;13996988053;;CM 6X4;VOLKS;2018;BYJ7A13;SIM;;;TAC;PORTA CONTANINER  BUG;TKA9B31;LEANDRO RAMIRES DE OLIVEIRA ;13 99173-6729;NÃO;27/07/2026;29/07/2026;ATIVO;;MARCOS FREITAS;DEDICADO;PF;IC;9 - FINALIZADO;;;;;;;;;;;;;;
RENAULT;SÃO PAULO (SP);FABIO FIGUEREDO;01/02/2026;EXPRESSO KOLINA LTDA;EXPRESSO KOLINA LTDA;41 9953-5859;EX.KOLINA@GMAIL.COM;CM 4X2;;2011;AYY9F90;SIM;SATELITAL;ONIXSAT;;;RETIRAR;RICARDO LEME DE LIMA;41 8742-3628;NÃO;08/04/2026;;INATIVO;;MARCOS FREITAS;INTER;PF;IC;9 - FINALIZADO;;;;;;;;;;;;;;
RENAULT;SÃO PAULO (SP);FABIO FIGUEREDO;01/02/2026;EXPRESSO KOLINA LTDA;EXPRESSO KOLINA LTDA;41 9953-5859;EX.KOLINA@GMAIL.COM;CM 4X2;;2012;ODH9F86;SIM;SATELITAL;ONIXSAT;;;RETIRAR;JEFERSON WEIRICH MAULAZ;41 9953-5859;NÃO;08/04/2026;;INATIVO;;MARCOS FREITAS;INTER;PJ;IC;9 - FINALIZADO;;;;;;;;;;;;;;
RENAULT;SÃO PAULO (SP);FABIO FIGUEREDO;01/02/2026;MARCIEL DA SILVA SANTOS 35895072844;MARCIEL DA SILVA SANTOS;13982091777;MARCIELMARRONE04@GMAIL.COM;CM 4X2;19.390 CTC 4X2;2012;OLO6G09;NÃO;N/A;SEM RASTREADOR;CEVA;SÍDER REBAIXADO_28P_ 3 EIXOS;RHK1A83;RONEY RODRIGUES DA SILVA;11987013890;NÃO;29/05/2026;10/06/2026;ATIVO;;Francisco Silva;INTER;PJ;IC;9 - FINALIZADO;;;;;;;;;;;;;;
RENAULT;SÃO PAULO (SP);FABIO FIGUEREDO;01/02/2026;CLAIR REUS;CLAIR REUS;41996716750;CLAIR.REUS@HOTMAIL.COM;CM 4X2;19.320 CLC TT;2011;BEP1A40;SIM;SATELITAL;OMNILINK;CEVA;SÍDER REBAIXADO_28P_ 3 EIXOS;ALR3E62;SAMUEL JOSE DE LIMA;13997735444;NÃO;27/01/2026;27/01/2026;INATIVO;;Francisco Gobbi;INTER;PF;IC;9 - FINALIZADO;;;;;;;;;;;;;;
RENAULT;SÃO PAULO (SP);FABIO FIGUEREDO;01/02/2026;VALDINEI RIBEIRO BUENO ;VALDINEI RIBEIRO BUENO ;41998483337;VALNEI658@GMAIL.COM;CM 4X2;25.390 CTC 6X2;2019;PGL7D58;SIM;SATELITAL;SASCAR;CEVA;SÍDER REBAIXADO_28P_ 3 EIXOS;AJK7515;VALDINEI RIBEIRO BUENO ;41998483337;NÃO;;02/02/2026;ATIVO;;Francisco Gobbi;INTER;PF;IC;9 - FINALIZADO;;;;;;;;;;;;;;
RENAULT;SÃO PAULO (SP);FABIO FIGUEREDO;01/02/2026;MARCIEL DA SILVA SANTOS 35895072844;MARCIEL DA SILVA SANTOS;13982091777;MARCIELMARRONE04@GMAIL.COM;CM 4X2;OLO6G09;2013;IRZ0D26;SIM;SATELITAL;SASCAR;RHK1A83;N/A;QJN3489;RENATO PONTES;13 99652-5906;SIM;30/07/2026;08/03/2026;INATIVO;;MARCOS FREITAS;INTER;PJ;IC;9 - FINALIZADO;;;;;;;;;;;;;;
RENAULT;SÃO PAULO (SP);FABIO FIGUEREDO;01/02/2026;VALTAIR NASCIMENTO;VALTAIR NASCIMENTO;41 9992-2090;VALTAIRNASCIMENTO@GMAIL.COM;CM 6X2;;2019;BDP1B39;SIM;SATELITAL;ONIXSAT;;;BAF8369;VALTAIR NASCIMENTO ;41 9992-2090;SIM;30/07/2026;08/03/2026;ATIVO;;MARCOS FREITAS;INTER;PF;IC;9 - FINALIZADO;;;;;;;;;;;;;;
RENAULT;SÃO PAULO (SP);FABIO FIGUEIREDO;01/02/2026;JDSW TRANSPORTES LTDA;EMERSON DIEGO WUST DA SILVA;51983222767;JDSWTRANSPORTES@GMAIL.COM;TRUCK (6X2);CARGO 2429 BL;2017;QII9H34;SIM;SATELITAL;SASCAR;N/A;SÍDER;N/A;EMERSON DIEGO WUST DA SILVA;51983222767;SIM;31/03/2026;;ATIVO;;MARCOS FREITAS;DEDICADO;PJ;IC;9 - FINALIZADO;;;;;;;;;;;;;;
RENAULT;SÃO PAULO (SP);FABIO FIGUEREDO;01/02/2026;WILLIAN ANTUNES STEVANATTO;WILLIAN ANTUNES STEVANATTO;13997979644;ANTUNESSTEVANATTOWILLIAN@GMAIL.COM;CM 4X2;19.320 CLC TT;2010;KIP1F28;SIM;SATELITAL;SASCAR;CEVA;SÍDER REBAIXADO_28P_ 3 EIXOS;AOS4F25;WILLIAN ANTUNES STEVANATTO;13997979644;NÃO;;02/01/2026;ATIVO;;Francisco Gobbi;INTER;PF;IC;9 - FINALIZADO;;;;;;;;;;;;;;
RENAULT;SÃO PAULO (SP);FABIO FIGUEREDO;01/02/2026;HORST TRANSPORTES LTDA;HORST TRANSPORTES LTDA;41 9724-9403;HORST2507@ICLOUD.COM;CM 6X2;VM 330 4X2T;2010;IRS2B40;SIM;SATELITAL;OMNILINK;CEVA;SÍDER REBAIXADO_28P_ 3 EIXOS;FOU9G72;SEBASTIAO HORST;41 9724-9403;NÃO;08/05/2026;10/08/2026;INATIVO;;MARCOS FREITAS;INTER;PF;IC;1 - INICIAR CADASTRO;;;;;;;;;;;;;;
RENAULT;SÃO PAULO (SP);FABIO FIGUEREDO;01/02/2026;LUCAS GABRIEL FAGUNDES;LUCAS GABRIEL FAGUNDES;41 9293-4130;LUCASFAGUNDES11133@GMAIL.COM;CM 4X2;VM 330 4X2T;2006;ANB6B32;SIM;SATELITAL;OMNILINK;CEVA;SÍDER REBAIXADO_28P_ 3 EIXOS;AVT6081;LUCAS GABRIEL FAGUNDES;41 9293-4130;NÃO;08/05/2026;17/08/2026;ATIVO;;MARCOS FREITAS;INTER;PF;IC;9 - FINALIZADO;;;;;;;;;;;;;;
MERCOSUL LINE ;SÃO PAULO (SP);FABIO GAMARRA;27/07/2026;63.358.588 BRUNO FERREIRA DE OLIVEIRA;63.358.588 BRUNO FERREIRA DE OLIVEIRA;11 97673-6382;BFOART@GMAIL.COM;CM 4X2;VOLKS;2006;DTV6B95;SIM;SATELITAL;OMNILINK;TAC;PORTA CONTANINER  BUG;UGT5I72;ODAIR PASCON;11 94174-7233;NÃO;08/05/2026;;ATIVO;;MARCOS FREITAS;DEDICADO;PF;IC;9 - FINALIZADO;;;;;;;;;;;;;;
RENAULT;SÃO PAULO (SP);FABIO FIGUEREDO;01/02/2026;MM CAR PECAS E ACESSORIOS LTDA;ALESSANDRA RAQUEL PONTES;41 9293-4130;SUGANOALESSANDRA423@GMAIL.COM;CM 4X2;ANB6B32;2010;ATA2A26;SIM;SATELITAL;SASCAR;RETIRAR;N/A;RETIRAR;JOSE CARLOS DE OLIVEIRA ;13 97818-5776;NÃO;08/06/2026;;CADASTRO;;MARCOS FREITAS;INTER;PJ;IC;1 - INICIAR CADASTRO;;;;;;;;;;;;;;
RENAULT;SÃO PAULO (SP);FABIO FIGUEREDO;01/02/2026;MF LOG TRANSPORTES LTDA;MF LOG TRANSPORTES LTDA; (41) 99279-0449;MAFERTRANSPORTES@OUTLOOK.COM;CM 6X2;QCC2I66;2012;AZY6D60;SIM;SATELITAL;ONIXSAT;GEX1I48;N/A;RETIRAR;TADEU  WILLIAM  GONZAGA HENRIQUES ; 41 9700-0712;NÃO;08/06/2026;;ATIVO;;MARCOS FREITAS;INTER;PF;IC;9 - FINALIZADO;;;;;;;;;;;;;;
RENAULT;SÃO PAULO (SP);FABIO FIGUEREDO;01/02/2026;CAM TRANSPORTES LTDA;CLEVERSON LUIZ DE SOUZA; (41) 99279-0449;CAMTRANSPORTES2020@GMAIL.COM;CM 4X2;QCC2I66;2013;BAW0E37;SIM;SATELITAL;SASCAR;GEX1I48;N/A;RETIRAR;CLEVERSON LUIZ DE SOUZA; (41) 99279-0449;NÃO;08/06/2026;;INATIVO;;MARCOS FREITAS;INTER;PF;IC;1 - INICIAR CADASTRO;;;;;;;;;;;;;;
RENAULT;SÃO PAULO (SP);FABIO FIGUEREDO;01/02/2026;ALEXSANDRO MUNIZ MEZZARANA;ALEXSANDRO MUNIZ MEZZARANA;(13) 99681-3969;ALEXSANDROMEZZARANA08@GMAIL.COM;CM 4X2;;2011;MIQ4H15;SIM;SATELITAL;SASCAR;;;RETIRAR;JOSÉ MOREIRA DE MELO ;(13)99760-3635;NÃO;08/10/2026;;ATIVO;;THAIS OLIVEIRA;INTER;PF;IC;9 - FINALIZADO;;;;;;;;;;;;;;
RENAULT;SÃO PAULO (SP);FABIO FIGUEREDO;01/02/2026;ARIANA FERREIRA GOLÇALVES DA SILVA ;ARIANA FERREIRA GOLÇALVES DA SILVA ;11947668948;ARIANE.FERREIRA.GONCALVES.SILVA@GMAIL.COM;CM 4X2;;2019;LMN3A09;SIM;SATELITAL;SASCAR;SR ;;RETIRAR;KLEDIR DA SILVA PEREIRA ;11 94717-8406;NÃO;08/10/2026;;INATIVO;;THAIS OLIVEIRA;INTER;PF;IC;1 - INICIAR CADASTRO;;;;;;;;;;;;;;
RENAULT;SÃO PAULO (SP);FABIO FIGUEREDO;01/02/2026;GADI TRANSPORTES LTDA;GADI TRANSPORTES LTDA;51 9681-7778;ANTONIOFORTES716@GMAIL.COM;CM 4X2;;2012;ITM0F71;SIM;SATELITAL;ONIXSAT;;;RETIRAR;ANTONIO ORLANDO GONCALVES FORTES;48 9851-4286;NÃO;08/12/2026;;ATIVO;;MARCOS FREITAS;INTER;PJ;IC;9 - FINALIZADO;;;;;;;;;;;;;;
RENAULT;SÃO PAULO (SP);FABIO FIGUEREDO;01/02/2026;JOSE MARTIMIANO BATISTELLA NETO;JOSE MARTIMIANO BATISTELLA NETO;13 99778-0513;NETO_TAIOBA@HOTMAIL.COM;CM 4X2;;2011;CLJ2764;SIM;SATELITAL;SASCAR;;;RETIRAR;JOSE MARTIMIANO BATISTELLA NETO;13 99778-0513;NÃO;08/11/2026;;CADASTRO;;MARCOS FREITAS;INTER;PJ;IC;1 - INICIAR CADASTRO;;;;;;;;;;;;;;
RENAULT;SÃO PAULO (SP);FABIO FIGUEREDO;01/02/2026;CRISTIANO BOENO DE OLIVEIRA;CRISTIANO BOENO DE OLIVEIRA; 41 9766-9594;ANTONIOFORTES716@GMAIL.COM;CM 4X2;;2015;AZV5D60;SIM;SATELITAL;ONIXSAT;;;BEH1D27;CRISTIANO BOENO DE OLIVEIRA; 41 9766-9594;NÃO;08/12/2026;;CADASTRO;;MARCOS FREITAS;INTER;PJ;IC;1 - INICIAR CADASTRO;;;;;;;;;;;;;;
RENAULT;SÃO PAULO (SP);FABIO FIGUEREDO;01/02/2026;POLISTCHETTI TRANSPORTES LTDA;POLISTCHETTI TRANSPORTES LTDA;41 9638-8707;ANTONIOFORTES716@GMAIL.COM;CM 4X2;;2014;BCO5D60;SIM;SATELITAL;ONIXSAT;;;AAT4A07;LUIZ CARLOS POLISTIZUC;41 9638-8707;NÃO;08/12/2026;;CADASTRO;;MARCOS FREITAS;INTER;PJ;IC;1 - INICIAR CADASTRO;;;;;;;;;;;;;;
RENAULT;SÃO PAULO (SP);FABIO FIGUEREDO;01/02/2026; RAIMUNDO GOMES LEITE; RAIMUNDO GOMES LEITE;11 97752-7710;RAIMUNDO.GOMES0102F@GMAIL.COM;CM 4X2;;2011;EVO8086;SIM;SATELITAL;ONIXSAT;;;RETIRAR; RAIMUNDO GOMES LEITE;11 97752-7710;NÃO;;;CADASTRO;;THAIS OLIVEIRA;INTER;PF;IC;1 - INICIAR CADASTRO;;;;;;;;;;;;;;
RENAULT;SÃO PAULO (SP);FABIO FIGUEREDO;01/02/2026; JURANDIR VILARIM; JURANDIR VILARIM;13 99681-4128;BDASNEVESINACIO@GMAIL.COM;CM 4X2;EVO8086;2011;EYB3D22;SIM;SATELITAL;OMNILINK;RETIRAR;N/A;CUD6078;BRENO DAS NEVES INACIO;13 99715-5649;NÃO;08/10/2026;08/10/2026;ATIVO;;MARCOS FREITAS;INTER;PF;IC;9 - FINALIZADO;;;;;;;;;;;;;;
MERCOSUL LINE ;SÃO PAULO (SP);FABIO FIGUEREDO;01/02/2026;CEZAR AUGUSTO DE CARVALHO ;CEZAR AUGUSTO DE CARVALHO ;11 98207-7690;AUGUSTO.5CARVALHO@HOTMAIL.COM;CM 6X2;;2014;MJX6H50;SIM;SATELITAL;ONIXSAT;;;RETIRAR;CEZAR AUGUSTO DE CARVALHO ;11 98207-7690;NÃO;09/08/2026;;CADASTRO;;MARCOS FREITAS;INTER;PJ;IC;1 - INICIAR CADASTRO;;;;;;;;;;;;;;
BYD;SÃO PAULO (SP);GAMARRA;01/02/2026;ENZO NOVELLA FERRARIS TRANSPORTES;ENZO NOVELLA FERRARIS TRANSPORTES;11 96859-5677;ENZONOVELLA88@GMAIL.COM;CM 6X2;;2016;DTD3506;SIM;SATELITAL;ONIXSAT;;;ENF2H42;ENZO NOVELLA FERRARIS;11 96859-5677;NÃO;09/03/2029;;ATIVO;;MARCOS FREITAS;DEDICADO;PJ;IC;9 - FINALIZADO;;;;;;;;;;;;;;
BYD;SÃO PAULO (SP);GAMARRA;01/02/2026;HENRIQEU SANTOS DE AMORIN;HENRIQUE SANTOS DE AMORIN;11 99836-7966;HERMES.BASSANELLI12@GMAIL.COM;CM 6X2;;2016;OJU0B95;SIM;SATELITAL;ONIXSAT;;;BWC9296;HENRIQUE SANTOS DE AMORIN;11 99836-7966;NÃO;09/03/2029;;ATIVO;;MARCOS FREITAS;DEDICADO;PJ;IC;9 - FINALIZADO;;;;;;;;;;;;;;
BYD;SÃO PAULO (SP);GAMARRA;01/02/2026;DANIEL DE ALMEIDA GODOY;DANIEL DE ALMEIDA GODOY;11 95204-2200;CAMINHONEIRO36@HOTMAIL.COM;CM 6X2;;2011;CUC8I68;SIM;SATELITAL;SASCAR;;;KOU1J22;DANIEL DE ALMEIDA GODOY;11 95204-2200;SIM;09/03/2029;;ATIVO;;MARCOS FREITAS;DEDICADO;PJ;IC;9 - FINALIZADO;;;;;;;;;;;;;;
BYD;SÃO PAULO (SP);GAMARRA;01/02/2026;LEANDRO SILVA DE SOUZA;LEANDRO SILVA DE SOUZA;11969728573;LEANDRO_1620_@OUTLOOK.COM;CM 6X2;;2013;FRN8F19;SIM;SATELITAL;SASCAR;;;DBC1D27;LEANDRO SILVA DE SOUZA;11969728573;NÃO;09/03/2029;;ATIVO;;MARCOS FREITAS;DEDICADO;PJ;IC;9 - FINALIZADO;;;;;;;;;;;;;;
